current directory: /Users/dave/wildaye.co.uk/vendor/bundle/ruby/3.4.0/gems/commonmarker-0.23.12/ext/commonmarker
/Users/dave/.rubies/ruby-3.4.1/bin/ruby extconf.rb
checking for whether -std=c99 is accepted as CFLAGS... no
creating Makefile

current directory: /Users/dave/wildaye.co.uk/vendor/bundle/ruby/3.4.0/gems/commonmarker-0.23.12/ext/commonmarker
make DESTDIR\= sitearchdir\=./.gem.20260624-73800-pj2bug sitelibdir\=./.gem.20260624-73800-pj2bug clean

current directory: /Users/dave/wildaye.co.uk/vendor/bundle/ruby/3.4.0/gems/commonmarker-0.23.12/ext/commonmarker
make DESTDIR\= sitearchdir\=./.gem.20260624-73800-pj2bug sitelibdir\=./.gem.20260624-73800-pj2bug
compiling arena.c
compiling autolink.c
compiling blocks.c
blocks.c:1540:5: warning: 'CMARK_DEBUG_NODES' is not defined, evaluates to 0 [-Wundef]
 1540 | #if CMARK_DEBUG_NODES
      |     ^
1 warning generated.
compiling buffer.c
compiling cmark.c
compiling cmark_ctype.c
compiling commonmark.c
compiling commonmarker.c
In file included from commonmarker.c:1:
In file included from ./commonmarker.h:9:
In file included from /Users/dave/.rubies/ruby-3.4.1/include/ruby-3.4.0/ruby.h:38:
In file included from /Users/dave/.rubies/ruby-3.4.1/include/ruby-3.4.0/ruby/ruby.h:28:
In file included from /Users/dave/.rubies/ruby-3.4.1/include/ruby-3.4.0/ruby/internal/arithmetic.h:24:
In file included from /Users/dave/.rubies/ruby-3.4.1/include/ruby-3.4.0/ruby/internal/arithmetic/char.h:29:
/Users/dave/.rubies/ruby-3.4.1/include/ruby-3.4.0/ruby/internal/core/rstring.h:398:24: warning: default initialization of an object of type 'struct RString' with const member leaves the object uninitialized [-Wdefault-const-init-field-unsafe]
  398 |         struct RString retval;
      |                        ^
/Users/dave/.rubies/ruby-3.4.1/include/ruby-3.4.0/ruby/internal/core/rbasic.h:86:17: note: member 'klass' declared 'const' here
   86 |     const VALUE klass;
      |                 ^
In file included from commonmarker.c:3:
In file included from ./houdini.h:9:
./config.h:8:9: warning: 'HAVE_STDBOOL_H' macro redefined [-Wmacro-redefined]
    8 | #define HAVE_STDBOOL_H
      |         ^
/Users/dave/.rubies/ruby-3.4.1/include/ruby-3.4.0/arm64-darwin25/ruby/config.h:45:9: note: previous definition is here
   45 | #define HAVE_STDBOOL_H 1
      |         ^
commonmarker.c:50:43: warning: passing 'const char *' to parameter of type 'void *' discards qualifiers [-Wincompatible-pointer-types-discards-qualifiers]
   50 |   cmark_get_default_mem_allocator()->free(str);
      |                                           ^~~
commonmarker.c:103:9: warning: 'rb_data_object_wrap_warning' is deprecated: by TypedData [-Wdeprecated-declarations]
  103 |   val = Data_Wrap_Struct(rb_cNode, rb_mark_c_struct, free_func, node);
      |         ^
/Users/dave/.rubies/ruby-3.4.1/include/ruby-3.4.0/ruby/internal/core/rdata.h:199:5: note: expanded from macro 'Data_Wrap_Struct'
  199 |     rb_data_object_wrap(                          \
      |     ^
/Users/dave/.rubies/ruby-3.4.1/include/ruby-3.4.0/ruby/internal/core/rdata.h:363:31: note: expanded from macro 'rb_data_object_wrap'
  363 | #define rb_data_object_wrap   RUBY_MACRO_SELECT(rb_data_object_wrap_2, RUBY_UNTYPED_DATA_WARNING)
      |                               ^
/Users/dave/.rubies/ruby-3.4.1/include/ruby-3.4.0/ruby/internal/core/rdata.h:50:35: note: expanded from macro 'RUBY_MACRO_SELECT'
   50 | #define RUBY_MACRO_SELECT(x, y)   RBIMPL_MACRO_SELECT(x, y)
      |                                   ^
/Users/dave/.rubies/ruby-3.4.1/include/ruby-3.4.0/ruby/internal/core/rdata.h:49:35: note: expanded from macro 'RBIMPL_MACRO_SELECT'
   49 | #define RBIMPL_MACRO_SELECT(x, y) x ## y
      |                                   ^
<scratch space>:143:1: note: expanded from here
  143 | rb_data_object_wrap_1
      | ^
/Users/dave/.rubies/ruby-3.4.1/include/ruby-3.4.0/ruby/internal/core/rdata.h:361:31: note: expanded from macro 'rb_data_object_wrap_1'
  361 | #define rb_data_object_wrap_1 rb_data_object_wrap_warning
      |                               ^
/Users/dave/.rubies/ruby-3.4.1/include/ruby-3.4.0/ruby/internal/core/rdata.h:277:1: note: 'rb_data_object_wrap_warning' has been explicitly marked deprecated here
  277 | RBIMPL_ATTRSET_UNTYPED_DATA_FUNC()
      | ^
/Users/dave/.rubies/ruby-3.4.1/include/ruby-3.4.0/ruby/internal/core/rdata.h:47:5: note: expanded from macro 'RBIMPL_ATTRSET_UNTYPED_DATA_FUNC'
   47 |     RBIMPL_ATTR_DEPRECATED(("by TypedData"))
      |     ^
/Users/dave/.rubies/ruby-3.4.1/include/ruby-3.4.0/ruby/internal/attr/deprecated.h:36:53: note: expanded from macro 'RBIMPL_ATTR_DEPRECATED'
   36 | # define RBIMPL_ATTR_DEPRECATED(msg) __attribute__((__deprecated__ msg))
      |                                                     ^
commonmarker.c:327:3: warning: 'rb_data_object_get_warning' is deprecated: by TypedData [-Wdeprecated-declarations]
  327 |   Data_Get_Struct(self, cmark_node, node);
      |   ^
/Users/dave/.rubies/ruby-3.4.1/include/ruby-3.4.0/ruby/internal/core/rdata.h:275:34: note: expanded from macro 'Data_Get_Struct'
  275 |     ((sval) = RBIMPL_CAST((type*)rb_data_object_get(obj)))
      |                                  ^
/Users/dave/.rubies/ruby-3.4.1/include/ruby-3.4.0/ruby/internal/core/rdata.h:367:31: note: expanded from macro 'rb_data_object_get'
  367 | #define rb_data_object_get    RUBY_MACRO_SELECT(rb_data_object_get_2, RUBY_UNTYPED_DATA_WARNING)
      |                               ^
/Users/dave/.rubies/ruby-3.4.1/include/ruby-3.4.0/ruby/internal/core/rdata.h:50:35: note: expanded from macro 'RUBY_MACRO_SELECT'
   50 | #define RUBY_MACRO_SELECT(x, y)   RBIMPL_MACRO_SELECT(x, y)
      |                                   ^
/Users/dave/.rubies/ruby-3.4.1/include/ruby-3.4.0/ruby/internal/core/rdata.h:49:35: note: expanded from macro 'RBIMPL_MACRO_SELECT'
   49 | #define RBIMPL_MACRO_SELECT(x, y) x ## y
      |                                   ^
<scratch space>:144:1: note: expanded from here
  144 | rb_data_object_get_1
      | ^
/Users/dave/.rubies/ruby-3.4.1/include/ruby-3.4.0/ruby/internal/core/rdata.h:365:31: note: expanded from macro 'rb_data_object_get_1'
  365 | #define rb_data_object_get_1  rb_data_object_get_warning
      |                               ^
/Users/dave/.rubies/ruby-3.4.1/include/ruby-3.4.0/ruby/internal/core/rdata.h:314:1: note: 'rb_data_object_get_warning' has been explicitly marked deprecated here
  314 | RBIMPL_ATTRSET_UNTYPED_DATA_FUNC()
      | ^
/Users/dave/.rubies/ruby-3.4.1/include/ruby-3.4.0/ruby/internal/core/rdata.h:47:5: note: expanded from macro 'RBIMPL_ATTRSET_UNTYPED_DATA_FUNC'
   47 |     RBIMPL_ATTR_DEPRECATED(("by TypedData"))
      |     ^
/Users/dave/.rubies/ruby-3.4.1/include/ruby-3.4.0/ruby/internal/attr/deprecated.h:36:53: note: expanded from macro 'RBIMPL_ATTR_DEPRECATED'
   36 | # define RBIMPL_ATTR_DEPRECATED(msg) __attribute__((__deprecated__ msg))
      |                                                     ^
commonmarker.c:349:3: warning: 'rb_data_object_get_warning' is deprecated: by TypedData [-Wdeprecated-declarations]
  349 |   Data_Get_Struct(self, cmark_node, node);
      |   ^
/Users/dave/.rubies/ruby-3.4.1/include/ruby-3.4.0/ruby/internal/core/rdata.h:275:34: note: expanded from macro 'Data_Get_Struct'
  275 |     ((sval) = RBIMPL_CAST((type*)rb_data_object_get(obj)))
      |                                  ^
/Users/dave/.rubies/ruby-3.4.1/include/ruby-3.4.0/ruby/internal/core/rdata.h:367:31: note: expanded from macro 'rb_data_object_get'
  367 | #define rb_data_object_get    RUBY_MACRO_SELECT(rb_data_object_get_2, RUBY_UNTYPED_DATA_WARNING)
      |                               ^
/Users/dave/.rubies/ruby-3.4.1/include/ruby-3.4.0/ruby/internal/core/rdata.h:50:35: note: expanded from macro 'RUBY_MACRO_SELECT'
   50 | #define RUBY_MACRO_SELECT(x, y)   RBIMPL_MACRO_SELECT(x, y)
      |                                   ^
/Users/dave/.rubies/ruby-3.4.1/include/ruby-3.4.0/ruby/internal/core/rdata.h:49:35: note: expanded from macro 'RBIMPL_MACRO_SELECT'
   49 | #define RBIMPL_MACRO_SELECT(x, y) x ## y
      |                                   ^
<scratch space>:145:1: note: expanded from here
  145 | rb_data_object_get_1
      | ^
/Users/dave/.rubies/ruby-3.4.1/include/ruby-3.4.0/ruby/internal/core/rdata.h:365:31: note: expanded from macro 'rb_data_object_get_1'
  365 | #define rb_data_object_get_1  rb_data_object_get_warning
      |                               ^
/Users/dave/.rubies/ruby-3.4.1/include/ruby-3.4.0/ruby/internal/core/rdata.h:314:1: note: 'rb_data_object_get_warning' has been explicitly marked deprecated here
  314 | RBIMPL_ATTRSET_UNTYPED_DATA_FUNC()
      | ^
/Users/dave/.rubies/ruby-3.4.1/include/ruby-3.4.0/ruby/internal/core/rdata.h:47:5: note: expanded from macro 'RBIMPL_ATTRSET_UNTYPED_DATA_FUNC'
   47 |     RBIMPL_ATTR_DEPRECATED(("by TypedData"))
      |     ^
/Users/dave/.rubies/ruby-3.4.1/include/ruby-3.4.0/ruby/internal/attr/deprecated.h:36:53: note: expanded from macro 'RBIMPL_ATTR_DEPRECATED'
   36 | # define RBIMPL_ATTR_DEPRECATED(msg) __attribute__((__deprecated__ msg))
      |                                                     ^
commonmarker.c:370:3: warning: 'rb_data_object_get_warning' is deprecated: by TypedData [-Wdeprecated-declarations]
  370 |   Data_Get_Struct(self, cmark_node, node);
      |   ^
/Users/dave/.rubies/ruby-3.4.1/include/ruby-3.4.0/ruby/internal/core/rdata.h:275:34: note: expanded from macro 'Data_Get_Struct'
  275 |     ((sval) = RBIMPL_CAST((type*)rb_data_object_get(obj)))
      |                                  ^
/Users/dave/.rubies/ruby-3.4.1/include/ruby-3.4.0/ruby/internal/core/rdata.h:367:31: note: expanded from macro 'rb_data_object_get'
  367 | #define rb_data_object_get    RUBY_MACRO_SELECT(rb_data_object_get_2, RUBY_UNTYPED_DATA_WARNING)
      |                               ^
/Users/dave/.rubies/ruby-3.4.1/include/ruby-3.4.0/ruby/internal/core/rdata.h:50:35: note: expanded from macro 'RUBY_MACRO_SELECT'
   50 | #define RUBY_MACRO_SELECT(x, y)   RBIMPL_MACRO_SELECT(x, y)
      |                                   ^
/Users/dave/.rubies/ruby-3.4.1/include/ruby-3.4.0/ruby/internal/core/rdata.h:49:35: note: expanded from macro 'RBIMPL_MACRO_SELECT'
   49 | #define RBIMPL_MACRO_SELECT(x, y) x ## y
      |                                   ^
<scratch space>:146:1: note: expanded from here
  146 | rb_data_object_get_1
      | ^
/Users/dave/.rubies/ruby-3.4.1/include/ruby-3.4.0/ruby/internal/core/rdata.h:365:31: note: expanded from macro 'rb_data_object_get_1'
  365 | #define rb_data_object_get_1  rb_data_object_get_warning
      |                               ^
/Users/dave/.rubies/ruby-3.4.1/include/ruby-3.4.0/ruby/internal/core/rdata.h:314:1: note: 'rb_data_object_get_warning' has been explicitly marked deprecated here
  314 | RBIMPL_ATTRSET_UNTYPED_DATA_FUNC()
      | ^
/Users/dave/.rubies/ruby-3.4.1/include/ruby-3.4.0/ruby/internal/core/rdata.h:47:5: note: expanded from macro 'RBIMPL_ATTRSET_UNTYPED_DATA_FUNC'
   47 |     RBIMPL_ATTR_DEPRECATED(("by TypedData"))
      |     ^
/Users/dave/.rubies/ruby-3.4.1/include/ruby-3.4.0/ruby/internal/attr/deprecated.h:36:53: note: expanded from macro 'RBIMPL_ATTR_DEPRECATED'
   36 | # define RBIMPL_ATTR_DEPRECATED(msg) __attribute__((__deprecated__ msg))
      |                                                     ^
commonmarker.c:457:3: warning: 'rb_data_object_get_warning' is deprecated: by TypedData [-Wdeprecated-declarations]
  457 |   Data_Get_Struct(self, cmark_node, node);
      |   ^
/Users/dave/.rubies/ruby-3.4.1/include/ruby-3.4.0/ruby/internal/core/rdata.h:275:34: note: expanded from macro 'Data_Get_Struct'
  275 |     ((sval) = RBIMPL_CAST((type*)rb_data_object_get(obj)))
      |                                  ^
/Users/dave/.rubies/ruby-3.4.1/include/ruby-3.4.0/ruby/internal/core/rdata.h:367:31: note: expanded from macro 'rb_data_object_get'
  367 | #define rb_data_object_get    RUBY_MACRO_SELECT(rb_data_object_get_2, RUBY_UNTYPED_DATA_WARNING)
      |                               ^
/Users/dave/.rubies/ruby-3.4.1/include/ruby-3.4.0/ruby/internal/core/rdata.h:50:35: note: expanded from macro 'RUBY_MACRO_SELECT'
   50 | #define RUBY_MACRO_SELECT(x, y)   RBIMPL_MACRO_SELECT(x, y)
      |                                   ^
/Users/dave/.rubies/ruby-3.4.1/include/ruby-3.4.0/ruby/internal/core/rdata.h:49:35: note: expanded from macro 'RBIMPL_MACRO_SELECT'
   49 | #define RBIMPL_MACRO_SELECT(x, y) x ## y
      |                                   ^
<scratch space>:147:1: note: expanded from here
  147 | rb_data_object_get_1
      | ^
/Users/dave/.rubies/ruby-3.4.1/include/ruby-3.4.0/ruby/internal/core/rdata.h:365:31: note: expanded from macro 'rb_data_object_get_1'
  365 | #define rb_data_object_get_1  rb_data_object_get_warning
      |                               ^
/Users/dave/.rubies/ruby-3.4.1/include/ruby-3.4.0/ruby/internal/core/rdata.h:314:1: note: 'rb_data_object_get_warning' has been explicitly marked deprecated here
  314 | RBIMPL_ATTRSET_UNTYPED_DATA_FUNC()
      | ^
/Users/dave/.rubies/ruby-3.4.1/include/ruby-3.4.0/ruby/internal/core/rdata.h:47:5: note: expanded from macro 'RBIMPL_ATTRSET_UNTYPED_DATA_FUNC'
   47 |     RBIMPL_ATTR_DEPRECATED(("by TypedData"))
      |     ^
/Users/dave/.rubies/ruby-3.4.1/include/ruby-3.4.0/ruby/internal/attr/deprecated.h:36:53: note: expanded from macro 'RBIMPL_ATTR_DEPRECATED'
   36 | # define RBIMPL_ATTR_DEPRECATED(msg) __attribute__((__deprecated__ msg))
      |                                                     ^
commonmarker.c:480:3: warning: 'rb_data_object_get_warning' is deprecated: by TypedData [-Wdeprecated-declarations]
  480 |   Data_Get_Struct(self, cmark_node, node);
      |   ^
/Users/dave/.rubies/ruby-3.4.1/include/ruby-3.4.0/ruby/internal/core/rdata.h:275:34: note: expanded from macro 'Data_Get_Struct'
  275 |     ((sval) = RBIMPL_CAST((type*)rb_data_object_get(obj)))
      |                                  ^
/Users/dave/.rubies/ruby-3.4.1/include/ruby-3.4.0/ruby/internal/core/rdata.h:367:31: note: expanded from macro 'rb_data_object_get'
  367 | #define rb_data_object_get    RUBY_MACRO_SELECT(rb_data_object_get_2, RUBY_UNTYPED_DATA_WARNING)
      |                               ^
/Users/dave/.rubies/ruby-3.4.1/include/ruby-3.4.0/ruby/internal/core/rdata.h:50:35: note: expanded from macro 'RUBY_MACRO_SELECT'
   50 | #define RUBY_MACRO_SELECT(x, y)   RBIMPL_MACRO_SELECT(x, y)
      |                                   ^
/Users/dave/.rubies/ruby-3.4.1/include/ruby-3.4.0/ruby/internal/core/rdata.h:49:35: note: expanded from macro 'RBIMPL_MACRO_SELECT'
   49 | #define RBIMPL_MACRO_SELECT(x, y) x ## y
      |                                   ^
<scratch space>:148:1: note: expanded from here
  148 | rb_data_object_get_1
      | ^
/Users/dave/.rubies/ruby-3.4.1/include/ruby-3.4.0/ruby/internal/core/rdata.h:365:31: note: expanded from macro 'rb_data_object_get_1'
  365 | #define rb_data_object_get_1  rb_data_object_get_warning
      |                               ^
/Users/dave/.rubies/ruby-3.4.1/include/ruby-3.4.0/ruby/internal/core/rdata.h:314:1: note: 'rb_data_object_get_warning' has been explicitly marked deprecated here
  314 | RBIMPL_ATTRSET_UNTYPED_DATA_FUNC()
      | ^
/Users/dave/.rubies/ruby-3.4.1/include/ruby-3.4.0/ruby/internal/core/rdata.h:47:5: note: expanded from macro 'RBIMPL_ATTRSET_UNTYPED_DATA_FUNC'
   47 |     RBIMPL_ATTR_DEPRECATED(("by TypedData"))
      |     ^
/Users/dave/.rubies/ruby-3.4.1/include/ruby-3.4.0/ruby/internal/attr/deprecated.h:36:53: note: expanded from macro 'RBIMPL_ATTR_DEPRECATED'
   36 | # define RBIMPL_ATTR_DEPRECATED(msg) __attribute__((__deprecated__ msg))
      |                                                     ^
commonmarker.c:491:3: warning: 'rb_data_object_get_warning' is deprecated: by TypedData [-Wdeprecated-declarations]
  491 |   Data_Get_Struct(self, cmark_node, node);
      |   ^
/Users/dave/.rubies/ruby-3.4.1/include/ruby-3.4.0/ruby/internal/core/rdata.h:275:34: note: expanded from macro 'Data_Get_Struct'
  275 |     ((sval) = RBIMPL_CAST((type*)rb_data_object_get(obj)))
      |                                  ^
/Users/dave/.rubies/ruby-3.4.1/include/ruby-3.4.0/ruby/internal/core/rdata.h:367:31: note: expanded from macro 'rb_data_object_get'
  367 | #define rb_data_object_get    RUBY_MACRO_SELECT(rb_data_object_get_2, RUBY_UNTYPED_DATA_WARNING)
      |                               ^
/Users/dave/.rubies/ruby-3.4.1/include/ruby-3.4.0/ruby/internal/core/rdata.h:50:35: note: expanded from macro 'RUBY_MACRO_SELECT'
   50 | #define RUBY_MACRO_SELECT(x, y)   RBIMPL_MACRO_SELECT(x, y)
      |                                   ^
/Users/dave/.rubies/ruby-3.4.1/include/ruby-3.4.0/ruby/internal/core/rdata.h:49:35: note: expanded from macro 'RBIMPL_MACRO_SELECT'
   49 | #define RBIMPL_MACRO_SELECT(x, y) x ## y
      |                                   ^
<scratch space>:149:1: note: expanded from here
  149 | rb_data_object_get_1
      | ^
/Users/dave/.rubies/ruby-3.4.1/include/ruby-3.4.0/ruby/internal/core/rdata.h:365:31: note: expanded from macro 'rb_data_object_get_1'
  365 | #define rb_data_object_get_1  rb_data_object_get_warning
      |                               ^
/Users/dave/.rubies/ruby-3.4.1/include/ruby-3.4.0/ruby/internal/core/rdata.h:314:1: note: 'rb_data_object_get_warning' has been explicitly marked deprecated here
  314 | RBIMPL_ATTRSET_UNTYPED_DATA_FUNC()
      | ^
/Users/dave/.rubies/ruby-3.4.1/include/ruby-3.4.0/ruby/internal/core/rdata.h:47:5: note: expanded from macro 'RBIMPL_ATTRSET_UNTYPED_DATA_FUNC'
   47 |     RBIMPL_ATTR_DEPRECATED(("by TypedData"))
      |     ^
/Users/dave/.rubies/ruby-3.4.1/include/ruby-3.4.0/ruby/internal/attr/deprecated.h:36:53: note: expanded from macro 'RBIMPL_ATTR_DEPRECATED'
   36 | # define RBIMPL_ATTR_DEPRECATED(msg) __attribute__((__deprecated__ msg))
      |                                                     ^
commonmarker.c:506:3: warning: 'rb_data_object_get_warning' is deprecated: by TypedData [-Wdeprecated-declarations]
  506 |   Data_Get_Struct(self, cmark_node, node);
      |   ^
/Users/dave/.rubies/ruby-3.4.1/include/ruby-3.4.0/ruby/internal/core/rdata.h:275:34: note: expanded from macro 'Data_Get_Struct'
  275 |     ((sval) = RBIMPL_CAST((type*)rb_data_object_get(obj)))
      |                                  ^
/Users/dave/.rubies/ruby-3.4.1/include/ruby-3.4.0/ruby/internal/core/rdata.h:367:31: note: expanded from macro 'rb_data_object_get'
  367 | #define rb_data_object_get    RUBY_MACRO_SELECT(rb_data_object_get_2, RUBY_UNTYPED_DATA_WARNING)
      |                               ^
/Users/dave/.rubies/ruby-3.4.1/include/ruby-3.4.0/ruby/internal/core/rdata.h:50:35: note: expanded from macro 'RUBY_MACRO_SELECT'
   50 | #define RUBY_MACRO_SELECT(x, y)   RBIMPL_MACRO_SELECT(x, y)
      |                                   ^
/Users/dave/.rubies/ruby-3.4.1/include/ruby-3.4.0/ruby/internal/core/rdata.h:49:35: note: expanded from macro 'RBIMPL_MACRO_SELECT'
   49 | #define RBIMPL_MACRO_SELECT(x, y) x ## y
      |                                   ^
<scratch space>:150:1: note: expanded from here
  150 | rb_data_object_get_1
      | ^
/Users/dave/.rubies/ruby-3.4.1/include/ruby-3.4.0/ruby/internal/core/rdata.h:365:31: note: expanded from macro 'rb_data_object_get_1'
  365 | #define rb_data_object_get_1  rb_data_object_get_warning
      |                               ^
/Users/dave/.rubies/ruby-3.4.1/include/ruby-3.4.0/ruby/internal/core/rdata.h:314:1: note: 'rb_data_object_get_warning' has been explicitly marked deprecated here
  314 | RBIMPL_ATTRSET_UNTYPED_DATA_FUNC()
      | ^
/Users/dave/.rubies/ruby-3.4.1/include/ruby-3.4.0/ruby/internal/core/rdata.h:47:5: note: expanded from macro 'RBIMPL_ATTRSET_UNTYPED_DATA_FUNC'
   47 |     RBIMPL_ATTR_DEPRECATED(("by TypedData"))
      |     ^
/Users/dave/.rubies/ruby-3.4.1/include/ruby-3.4.0/ruby/internal/attr/deprecated.h:36:53: note: expanded from macro 'RBIMPL_ATTR_DEPRECATED'
   36 | # define RBIMPL_ATTR_DEPRECATED(msg) __attribute__((__deprecated__ msg))
      |                                                     ^
commonmarker.c:519:3: warning: 'rb_data_object_get_warning' is deprecated: by TypedData [-Wdeprecated-declarations]
  519 |   Data_Get_Struct(self, cmark_node, node);
      |   ^
/Users/dave/.rubies/ruby-3.4.1/include/ruby-3.4.0/ruby/internal/core/rdata.h:275:34: note: expanded from macro 'Data_Get_Struct'
  275 |     ((sval) = RBIMPL_CAST((type*)rb_data_object_get(obj)))
      |                                  ^
/Users/dave/.rubies/ruby-3.4.1/include/ruby-3.4.0/ruby/internal/core/rdata.h:367:31: note: expanded from macro 'rb_data_object_get'
  367 | #define rb_data_object_get    RUBY_MACRO_SELECT(rb_data_object_get_2, RUBY_UNTYPED_DATA_WARNING)
      |                               ^
/Users/dave/.rubies/ruby-3.4.1/include/ruby-3.4.0/ruby/internal/core/rdata.h:50:35: note: expanded from macro 'RUBY_MACRO_SELECT'
   50 | #define RUBY_MACRO_SELECT(x, y)   RBIMPL_MACRO_SELECT(x, y)
      |                                   ^
/Users/dave/.rubies/ruby-3.4.1/include/ruby-3.4.0/ruby/internal/core/rdata.h:49:35: note: expanded from macro 'RBIMPL_MACRO_SELECT'
   49 | #define RBIMPL_MACRO_SELECT(x, y) x ## y
      |                                   ^
<scratch space>:151:1: note: expanded from here
  151 | rb_data_object_get_1
      | ^
/Users/dave/.rubies/ruby-3.4.1/include/ruby-3.4.0/ruby/internal/core/rdata.h:365:31: note: expanded from macro 'rb_data_object_get_1'
  365 | #define rb_data_object_get_1  rb_data_object_get_warning
      |                               ^
/Users/dave/.rubies/ruby-3.4.1/include/ruby-3.4.0/ruby/internal/core/rdata.h:314:1: note: 'rb_data_object_get_warning' has been explicitly marked deprecated here
  314 | RBIMPL_ATTRSET_UNTYPED_DATA_FUNC()
      | ^
/Users/dave/.rubies/ruby-3.4.1/include/ruby-3.4.0/ruby/internal/core/rdata.h:47:5: note: expanded from macro 'RBIMPL_ATTRSET_UNTYPED_DATA_FUNC'
   47 |     RBIMPL_ATTR_DEPRECATED(("by TypedData"))
      |     ^
/Users/dave/.rubies/ruby-3.4.1/include/ruby-3.4.0/ruby/internal/attr/deprecated.h:36:53: note: expanded from macro 'RBIMPL_ATTR_DEPRECATED'
   36 | # define RBIMPL_ATTR_DEPRECATED(msg) __attribute__((__deprecated__ msg))
      |                                                     ^
commonmarker.c:536:3: warning: 'rb_data_object_get_warning' is deprecated: by TypedData [-Wdeprecated-declarations]
  536 |   Data_Get_Struct(self, cmark_node, node1);
      |   ^
/Users/dave/.rubies/ruby-3.4.1/include/ruby-3.4.0/ruby/internal/core/rdata.h:275:34: note: expanded from macro 'Data_Get_Struct'
  275 |     ((sval) = RBIMPL_CAST((type*)rb_data_object_get(obj)))
      |                                  ^
/Users/dave/.rubies/ruby-3.4.1/include/ruby-3.4.0/ruby/internal/core/rdata.h:367:31: note: expanded from macro 'rb_data_object_get'
  367 | #define rb_data_object_get    RUBY_MACRO_SELECT(rb_data_object_get_2, RUBY_UNTYPED_DATA_WARNING)
      |                               ^
/Users/dave/.rubies/ruby-3.4.1/include/ruby-3.4.0/ruby/internal/core/rdata.h:50:35: note: expanded from macro 'RUBY_MACRO_SELECT'
   50 | #define RUBY_MACRO_SELECT(x, y)   RBIMPL_MACRO_SELECT(x, y)
      |                                   ^
/Users/dave/.rubies/ruby-3.4.1/include/ruby-3.4.0/ruby/internal/core/rdata.h:49:35: note: expanded from macro 'RBIMPL_MACRO_SELECT'
   49 | #define RBIMPL_MACRO_SELECT(x, y) x ## y
      |                                   ^
<scratch space>:152:1: note: expanded from here
  152 | rb_data_object_get_1
      | ^
/Users/dave/.rubies/ruby-3.4.1/include/ruby-3.4.0/ruby/internal/core/rdata.h:365:31: note: expanded from macro 'rb_data_object_get_1'
  365 | #define rb_data_object_get_1  rb_data_object_get_warning
      |                               ^
/Users/dave/.rubies/ruby-3.4.1/include/ruby-3.4.0/ruby/internal/core/rdata.h:314:1: note: 'rb_data_object_get_warning' has been explicitly marked deprecated here
  314 | RBIMPL_ATTRSET_UNTYPED_DATA_FUNC()
      | ^
/Users/dave/.rubies/ruby-3.4.1/include/ruby-3.4.0/ruby/internal/core/rdata.h:47:5: note: expanded from macro 'RBIMPL_ATTRSET_UNTYPED_DATA_FUNC'
   47 |     RBIMPL_ATTR_DEPRECATED(("by TypedData"))
      |     ^
/Users/dave/.rubies/ruby-3.4.1/include/ruby-3.4.0/ruby/internal/attr/deprecated.h:36:53: note: expanded from macro 'RBIMPL_ATTR_DEPRECATED'
   36 | # define RBIMPL_ATTR_DEPRECATED(msg) __attribute__((__deprecated__ msg))
      |                                                     ^
commonmarker.c:538:3: warning: 'rb_data_object_get_warning' is deprecated: by TypedData [-Wdeprecated-declarations]
  538 |   Data_Get_Struct(sibling, cmark_node, node2);
      |   ^
/Users/dave/.rubies/ruby-3.4.1/include/ruby-3.4.0/ruby/internal/core/rdata.h:275:34: note: expanded from macro 'Data_Get_Struct'
  275 |     ((sval) = RBIMPL_CAST((type*)rb_data_object_get(obj)))
      |                                  ^
/Users/dave/.rubies/ruby-3.4.1/include/ruby-3.4.0/ruby/internal/core/rdata.h:367:31: note: expanded from macro 'rb_data_object_get'
  367 | #define rb_data_object_get    RUBY_MACRO_SELECT(rb_data_object_get_2, RUBY_UNTYPED_DATA_WARNING)
      |                               ^
/Users/dave/.rubies/ruby-3.4.1/include/ruby-3.4.0/ruby/internal/core/rdata.h:50:35: note: expanded from macro 'RUBY_MACRO_SELECT'
   50 | #define RUBY_MACRO_SELECT(x, y)   RBIMPL_MACRO_SELECT(x, y)
      |                                   ^
/Users/dave/.rubies/ruby-3.4.1/include/ruby-3.4.0/ruby/internal/core/rdata.h:49:35: note: expanded from macro 'RBIMPL_MACRO_SELECT'
   49 | #define RBIMPL_MACRO_SELECT(x, y) x ## y
      |                                   ^
<scratch space>:153:1: note: expanded from here
  153 | rb_data_object_get_1
      | ^
/Users/dave/.rubies/ruby-3.4.1/include/ruby-3.4.0/ruby/internal/core/rdata.h:365:31: note: expanded from macro 'rb_data_object_get_1'
  365 | #define rb_data_object_get_1  rb_data_object_get_warning
      |                               ^
/Users/dave/.rubies/ruby-3.4.1/include/ruby-3.4.0/ruby/internal/core/rdata.h:314:1: note: 'rb_data_object_get_warning' has been explicitly marked deprecated here
  314 | RBIMPL_ATTRSET_UNTYPED_DATA_FUNC()
      | ^
/Users/dave/.rubies/ruby-3.4.1/include/ruby-3.4.0/ruby/internal/core/rdata.h:47:5: note: expanded from macro 'RBIMPL_ATTRSET_UNTYPED_DATA_FUNC'
   47 |     RBIMPL_ATTR_DEPRECATED(("by TypedData"))
      |     ^
/Users/dave/.rubies/ruby-3.4.1/include/ruby-3.4.0/ruby/internal/attr/deprecated.h:36:53: note: expanded from macro 'RBIMPL_ATTR_DEPRECATED'
   36 | # define RBIMPL_ATTR_DEPRECATED(msg) __attribute__((__deprecated__ msg))
      |                                                     ^
commonmarker.c:566:3: warning: 'rb_data_object_get_warning' is deprecated: by TypedData [-Wdeprecated-declarations]
  566 |   Data_Get_Struct(self, cmark_node, node);
      |   ^
/Users/dave/.rubies/ruby-3.4.1/include/ruby-3.4.0/ruby/internal/core/rdata.h:275:34: note: expanded from macro 'Data_Get_Struct'
  275 |     ((sval) = RBIMPL_CAST((type*)rb_data_object_get(obj)))
      |                                  ^
/Users/dave/.rubies/ruby-3.4.1/include/ruby-3.4.0/ruby/internal/core/rdata.h:367:31: note: expanded from macro 'rb_data_object_get'
  367 | #define rb_data_object_get    RUBY_MACRO_SELECT(rb_data_object_get_2, RUBY_UNTYPED_DATA_WARNING)
      |                               ^
/Users/dave/.rubies/ruby-3.4.1/include/ruby-3.4.0/ruby/internal/core/rdata.h:50:35: note: expanded from macro 'RUBY_MACRO_SELECT'
   50 | #define RUBY_MACRO_SELECT(x, y)   RBIMPL_MACRO_SELECT(x, y)
      |                                   ^
/Users/dave/.rubies/ruby-3.4.1/include/ruby-3.4.0/ruby/internal/core/rdata.h:49:35: note: expanded from macro 'RBIMPL_MACRO_SELECT'
   49 | #define RBIMPL_MACRO_SELECT(x, y) x ## y
      |                                   ^
<scratch space>:154:1: note: expanded from here
  154 | rb_data_object_get_1
      | ^
/Users/dave/.rubies/ruby-3.4.1/include/ruby-3.4.0/ruby/internal/core/rdata.h:365:31: note: expanded from macro 'rb_data_object_get_1'
  365 | #define rb_data_object_get_1  rb_data_object_get_warning
      |                               ^
/Users/dave/.rubies/ruby-3.4.1/include/ruby-3.4.0/ruby/internal/core/rdata.h:314:1: note: 'rb_data_object_get_warning' has been explicitly marked deprecated here
  314 | RBIMPL_ATTRSET_UNTYPED_DATA_FUNC()
      | ^
/Users/dave/.rubies/ruby-3.4.1/include/ruby-3.4.0/ruby/internal/core/rdata.h:47:5: note: expanded from macro 'RBIMPL_ATTRSET_UNTYPED_DATA_FUNC'
   47 |     RBIMPL_ATTR_DEPRECATED(("by TypedData"))
      |     ^
/Users/dave/.rubies/ruby-3.4.1/include/ruby-3.4.0/ruby/internal/attr/deprecated.h:36:53: note: expanded from macro 'RBIMPL_ATTR_DEPRECATED'
   36 | # define RBIMPL_ATTR_DEPRECATED(msg) __attribute__((__deprecated__ msg))
      |                                                     ^
commonmarker.c:564:20: warning: implicit conversion loses integer precision: 'long' to 'int' [-Wshorten-64-to-32]
  564 |   extensions_len = RARRAY_LEN(rb_extensions);
      |                  ~ ^~~~~~~~~~~~~~~~~~~~~~~~~
/Users/dave/.rubies/ruby-3.4.1/include/ruby-3.4.0/ruby/internal/core/rarray.h:51:36: note: expanded from macro 'RARRAY_LEN'
   51 | #define RARRAY_LEN                 rb_array_len                 /**< @alias{rb_array_len} */
      |                                    ^
commonmarker.c:607:3: warning: 'rb_data_object_get_warning' is deprecated: by TypedData [-Wdeprecated-declarations]
  607 |   Data_Get_Struct(self, cmark_node, node);
      |   ^
/Users/dave/.rubies/ruby-3.4.1/include/ruby-3.4.0/ruby/internal/core/rdata.h:275:34: note: expanded from macro 'Data_Get_Struct'
  275 |     ((sval) = RBIMPL_CAST((type*)rb_data_object_get(obj)))
      |                                  ^
/Users/dave/.rubies/ruby-3.4.1/include/ruby-3.4.0/ruby/internal/core/rdata.h:367:31: note: expanded from macro 'rb_data_object_get'
  367 | #define rb_data_object_get    RUBY_MACRO_SELECT(rb_data_object_get_2, RUBY_UNTYPED_DATA_WARNING)
      |                               ^
/Users/dave/.rubies/ruby-3.4.1/include/ruby-3.4.0/ruby/internal/core/rdata.h:50:35: note: expanded from macro 'RUBY_MACRO_SELECT'
   50 | #define RUBY_MACRO_SELECT(x, y)   RBIMPL_MACRO_SELECT(x, y)
      |                                   ^
/Users/dave/.rubies/ruby-3.4.1/include/ruby-3.4.0/ruby/internal/core/rdata.h:49:35: note: expanded from macro 'RBIMPL_MACRO_SELECT'
   49 | #define RBIMPL_MACRO_SELECT(x, y) x ## y
      |                                   ^
<scratch space>:155:1: note: expanded from here
  155 | rb_data_object_get_1
      | ^
/Users/dave/.rubies/ruby-3.4.1/include/ruby-3.4.0/ruby/internal/core/rdata.h:365:31: note: expanded from macro 'rb_data_object_get_1'
  365 | #define rb_data_object_get_1  rb_data_object_get_warning
      |                               ^
/Users/dave/.rubies/ruby-3.4.1/include/ruby-3.4.0/ruby/internal/core/rdata.h:314:1: note: 'rb_data_object_get_warning' has been explicitly marked deprecated here
  314 | RBIMPL_ATTRSET_UNTYPED_DATA_FUNC()
      | ^
/Users/dave/.rubies/ruby-3.4.1/include/ruby-3.4.0/ruby/internal/core/rdata.h:47:5: note: expanded from macro 'RBIMPL_ATTRSET_UNTYPED_DATA_FUNC'
   47 |     RBIMPL_ATTR_DEPRECATED(("by TypedData"))
      |     ^
/Users/dave/.rubies/ruby-3.4.1/include/ruby-3.4.0/ruby/internal/attr/deprecated.h:36:53: note: expanded from macro 'RBIMPL_ATTR_DEPRECATED'
   36 | # define RBIMPL_ATTR_DEPRECATED(msg) __attribute__((__deprecated__ msg))
      |                                                     ^
commonmarker.c:636:3: warning: 'rb_data_object_get_warning' is deprecated: by TypedData [-Wdeprecated-declarations]
  636 |   Data_Get_Struct(self, cmark_node, node);
      |   ^
/Users/dave/.rubies/ruby-3.4.1/include/ruby-3.4.0/ruby/internal/core/rdata.h:275:34: note: expanded from macro 'Data_Get_Struct'
  275 |     ((sval) = RBIMPL_CAST((type*)rb_data_object_get(obj)))
      |                                  ^
/Users/dave/.rubies/ruby-3.4.1/include/ruby-3.4.0/ruby/internal/core/rdata.h:367:31: note: expanded from macro 'rb_data_object_get'
  367 | #define rb_data_object_get    RUBY_MACRO_SELECT(rb_data_object_get_2, RUBY_UNTYPED_DATA_WARNING)
      |                               ^
/Users/dave/.rubies/ruby-3.4.1/include/ruby-3.4.0/ruby/internal/core/rdata.h:50:35: note: expanded from macro 'RUBY_MACRO_SELECT'
   50 | #define RUBY_MACRO_SELECT(x, y)   RBIMPL_MACRO_SELECT(x, y)
      |                                   ^
/Users/dave/.rubies/ruby-3.4.1/include/ruby-3.4.0/ruby/internal/core/rdata.h:49:35: note: expanded from macro 'RBIMPL_MACRO_SELECT'
   49 | #define RBIMPL_MACRO_SELECT(x, y) x ## y
      |                                   ^
<scratch space>:156:1: note: expanded from here
  156 | rb_data_object_get_1
      | ^
/Users/dave/.rubies/ruby-3.4.1/include/ruby-3.4.0/ruby/internal/core/rdata.h:365:31: note: expanded from macro 'rb_data_object_get_1'
  365 | #define rb_data_object_get_1  rb_data_object_get_warning
      |                               ^
/Users/dave/.rubies/ruby-3.4.1/include/ruby-3.4.0/ruby/internal/core/rdata.h:314:1: note: 'rb_data_object_get_warning' has been explicitly marked deprecated here
  314 | RBIMPL_ATTRSET_UNTYPED_DATA_FUNC()
      | ^
/Users/dave/.rubies/ruby-3.4.1/include/ruby-3.4.0/ruby/internal/core/rdata.h:47:5: note: expanded from macro 'RBIMPL_ATTRSET_UNTYPED_DATA_FUNC'
   47 |     RBIMPL_ATTR_DEPRECATED(("by TypedData"))
      |     ^
/Users/dave/.rubies/ruby-3.4.1/include/ruby-3.4.0/ruby/internal/attr/deprecated.h:36:53: note: expanded from macro 'RBIMPL_ATTR_DEPRECATED'
   36 | # define RBIMPL_ATTR_DEPRECATED(msg) __attribute__((__deprecated__ msg))
      |                                                     ^
commonmarker.c:664:3: warning: 'rb_data_object_get_warning' is deprecated: by TypedData [-Wdeprecated-declarations]
  664 |   Data_Get_Struct(self, cmark_node, node);
      |   ^
/Users/dave/.rubies/ruby-3.4.1/include/ruby-3.4.0/ruby/internal/core/rdata.h:275:34: note: expanded from macro 'Data_Get_Struct'
  275 |     ((sval) = RBIMPL_CAST((type*)rb_data_object_get(obj)))
      |                                  ^
/Users/dave/.rubies/ruby-3.4.1/include/ruby-3.4.0/ruby/internal/core/rdata.h:367:31: note: expanded from macro 'rb_data_object_get'
  367 | #define rb_data_object_get    RUBY_MACRO_SELECT(rb_data_object_get_2, RUBY_UNTYPED_DATA_WARNING)
      |                               ^
/Users/dave/.rubies/ruby-3.4.1/include/ruby-3.4.0/ruby/internal/core/rdata.h:50:35: note: expanded from macro 'RUBY_MACRO_SELECT'
   50 | #define RUBY_MACRO_SELECT(x, y)   RBIMPL_MACRO_SELECT(x, y)
      |                                   ^
/Users/dave/.rubies/ruby-3.4.1/include/ruby-3.4.0/ruby/internal/core/rdata.h:49:35: note: expanded from macro 'RBIMPL_MACRO_SELECT'
   49 | #define RBIMPL_MACRO_SELECT(x, y) x ## y
      |                                   ^
<scratch space>:157:1: note: expanded from here
  157 | rb_data_object_get_1
      | ^
/Users/dave/.rubies/ruby-3.4.1/include/ruby-3.4.0/ruby/internal/core/rdata.h:365:31: note: expanded from macro 'rb_data_object_get_1'
  365 | #define rb_data_object_get_1  rb_data_object_get_warning
      |                               ^
/Users/dave/.rubies/ruby-3.4.1/include/ruby-3.4.0/ruby/internal/core/rdata.h:314:1: note: 'rb_data_object_get_warning' has been explicitly marked deprecated here
  314 | RBIMPL_ATTRSET_UNTYPED_DATA_FUNC()
      | ^
/Users/dave/.rubies/ruby-3.4.1/include/ruby-3.4.0/ruby/internal/core/rdata.h:47:5: note: expanded from macro 'RBIMPL_ATTRSET_UNTYPED_DATA_FUNC'
   47 |     RBIMPL_ATTR_DEPRECATED(("by TypedData"))
      |     ^
/Users/dave/.rubies/ruby-3.4.1/include/ruby-3.4.0/ruby/internal/attr/deprecated.h:36:53: note: expanded from macro 'RBIMPL_ATTR_DEPRECATED'
   36 | # define RBIMPL_ATTR_DEPRECATED(msg) __attribute__((__deprecated__ msg))
      |                                                     ^
commonmarker.c:683:3: warning: 'rb_data_object_get_warning' is deprecated: by TypedData [-Wdeprecated-declarations]
  683 |   Data_Get_Struct(self, cmark_node, node1);
      |   ^
/Users/dave/.rubies/ruby-3.4.1/include/ruby-3.4.0/ruby/internal/core/rdata.h:275:34: note: expanded from macro 'Data_Get_Struct'
  275 |     ((sval) = RBIMPL_CAST((type*)rb_data_object_get(obj)))
      |                                  ^
/Users/dave/.rubies/ruby-3.4.1/include/ruby-3.4.0/ruby/internal/core/rdata.h:367:31: note: expanded from macro 'rb_data_object_get'
  367 | #define rb_data_object_get    RUBY_MACRO_SELECT(rb_data_object_get_2, RUBY_UNTYPED_DATA_WARNING)
      |                               ^
/Users/dave/.rubies/ruby-3.4.1/include/ruby-3.4.0/ruby/internal/core/rdata.h:50:35: note: expanded from macro 'RUBY_MACRO_SELECT'
   50 | #define RUBY_MACRO_SELECT(x, y)   RBIMPL_MACRO_SELECT(x, y)
      |                                   ^
/Users/dave/.rubies/ruby-3.4.1/include/ruby-3.4.0/ruby/internal/core/rdata.h:49:35: note: expanded from macro 'RBIMPL_MACRO_SELECT'
   49 | #define RBIMPL_MACRO_SELECT(x, y) x ## y
      |                                   ^
<scratch space>:158:1: note: expanded from here
  158 | rb_data_object_get_1
      | ^
/Users/dave/.rubies/ruby-3.4.1/include/ruby-3.4.0/ruby/internal/core/rdata.h:365:31: note: expanded from macro 'rb_data_object_get_1'
  365 | #define rb_data_object_get_1  rb_data_object_get_warning
      |                               ^
/Users/dave/.rubies/ruby-3.4.1/include/ruby-3.4.0/ruby/internal/core/rdata.h:314:1: note: 'rb_data_object_get_warning' has been explicitly marked deprecated here
  314 | RBIMPL_ATTRSET_UNTYPED_DATA_FUNC()
      | ^
/Users/dave/.rubies/ruby-3.4.1/include/ruby-3.4.0/ruby/internal/core/rdata.h:47:5: note: expanded from macro 'RBIMPL_ATTRSET_UNTYPED_DATA_FUNC'
   47 |     RBIMPL_ATTR_DEPRECATED(("by TypedData"))
      |     ^
/Users/dave/.rubies/ruby-3.4.1/include/ruby-3.4.0/ruby/internal/attr/deprecated.h:36:53: note: expanded from macro 'RBIMPL_ATTR_DEPRECATED'
   36 | # define RBIMPL_ATTR_DEPRECATED(msg) __attribute__((__deprecated__ msg))
      |                                                     ^
commonmarker.c:685:3: warning: 'rb_data_object_get_warning' is deprecated: by TypedData [-Wdeprecated-declarations]
  685 |   Data_Get_Struct(sibling, cmark_node, node2);
      |   ^
/Users/dave/.rubies/ruby-3.4.1/include/ruby-3.4.0/ruby/internal/core/rdata.h:275:34: note: expanded from macro 'Data_Get_Struct'
  275 |     ((sval) = RBIMPL_CAST((type*)rb_data_object_get(obj)))
      |                                  ^
/Users/dave/.rubies/ruby-3.4.1/include/ruby-3.4.0/ruby/internal/core/rdata.h:367:31: note: expanded from macro 'rb_data_object_get'
  367 | #define rb_data_object_get    RUBY_MACRO_SELECT(rb_data_object_get_2, RUBY_UNTYPED_DATA_WARNING)
      |                               ^
/Users/dave/.rubies/ruby-3.4.1/include/ruby-3.4.0/ruby/internal/core/rdata.h:50:35: note: expanded from macro 'RUBY_MACRO_SELECT'
   50 | #define RUBY_MACRO_SELECT(x, y)   RBIMPL_MACRO_SELECT(x, y)
      |                                   ^
/Users/dave/.rubies/ruby-3.4.1/include/ruby-3.4.0/ruby/internal/core/rdata.h:49:35: note: expanded from macro 'RBIMPL_MACRO_SELECT'
   49 | #define RBIMPL_MACRO_SELECT(x, y) x ## y
      |                                   ^
<scratch space>:159:1: note: expanded from here
  159 | rb_data_object_get_1
      | ^
/Users/dave/.rubies/ruby-3.4.1/include/ruby-3.4.0/ruby/internal/core/rdata.h:365:31: note: expanded from macro 'rb_data_object_get_1'
  365 | #define rb_data_object_get_1  rb_data_object_get_warning
      |                               ^
/Users/dave/.rubies/ruby-3.4.1/include/ruby-3.4.0/ruby/internal/core/rdata.h:314:1: note: 'rb_data_object_get_warning' has been explicitly marked deprecated here
  314 | RBIMPL_ATTRSET_UNTYPED_DATA_FUNC()
      | ^
/Users/dave/.rubies/ruby-3.4.1/include/ruby-3.4.0/ruby/internal/core/rdata.h:47:5: note: expanded from macro 'RBIMPL_ATTRSET_UNTYPED_DATA_FUNC'
   47 |     RBIMPL_ATTR_DEPRECATED(("by TypedData"))
      |     ^
/Users/dave/.rubies/ruby-3.4.1/include/ruby-3.4.0/ruby/internal/attr/deprecated.h:36:53: note: expanded from macro 'RBIMPL_ATTR_DEPRECATED'
   36 | # define RBIMPL_ATTR_DEPRECATED(msg) __attribute__((__deprecated__ msg))
      |                                                     ^
commonmarker.c:706:3: warning: 'rb_data_object_get_warning' is deprecated: by TypedData [-Wdeprecated-declarations]
  706 |   Data_Get_Struct(self, cmark_node, node1);
      |   ^
/Users/dave/.rubies/ruby-3.4.1/include/ruby-3.4.0/ruby/internal/core/rdata.h:275:34: note: expanded from macro 'Data_Get_Struct'
  275 |     ((sval) = RBIMPL_CAST((type*)rb_data_object_get(obj)))
      |                                  ^
/Users/dave/.rubies/ruby-3.4.1/include/ruby-3.4.0/ruby/internal/core/rdata.h:367:31: note: expanded from macro 'rb_data_object_get'
  367 | #define rb_data_object_get    RUBY_MACRO_SELECT(rb_data_object_get_2, RUBY_UNTYPED_DATA_WARNING)
      |                               ^
/Users/dave/.rubies/ruby-3.4.1/include/ruby-3.4.0/ruby/internal/core/rdata.h:50:35: note: expanded from macro 'RUBY_MACRO_SELECT'
   50 | #define RUBY_MACRO_SELECT(x, y)   RBIMPL_MACRO_SELECT(x, y)
      |                                   ^
/Users/dave/.rubies/ruby-3.4.1/include/ruby-3.4.0/ruby/internal/core/rdata.h:49:35: note: expanded from macro 'RBIMPL_MACRO_SELECT'
   49 | #define RBIMPL_MACRO_SELECT(x, y) x ## y
      |                                   ^
<scratch space>:160:1: note: expanded from here
  160 | rb_data_object_get_1
      | ^
/Users/dave/.rubies/ruby-3.4.1/include/ruby-3.4.0/ruby/internal/core/rdata.h:365:31: note: expanded from macro 'rb_data_object_get_1'
  365 | #define rb_data_object_get_1  rb_data_object_get_warning
      |                               ^
/Users/dave/.rubies/ruby-3.4.1/include/ruby-3.4.0/ruby/internal/core/rdata.h:314:1: note: 'rb_data_object_get_warning' has been explicitly marked deprecated here
  314 | RBIMPL_ATTRSET_UNTYPED_DATA_FUNC()
      | ^
/Users/dave/.rubies/ruby-3.4.1/include/ruby-3.4.0/ruby/internal/core/rdata.h:47:5: note: expanded from macro 'RBIMPL_ATTRSET_UNTYPED_DATA_FUNC'
   47 |     RBIMPL_ATTR_DEPRECATED(("by TypedData"))
      |     ^
/Users/dave/.rubies/ruby-3.4.1/include/ruby-3.4.0/ruby/internal/attr/deprecated.h:36:53: note: expanded from macro 'RBIMPL_ATTR_DEPRECATED'
   36 | # define RBIMPL_ATTR_DEPRECATED(msg) __attribute__((__deprecated__ msg))
      |                                                     ^
commonmarker.c:708:3: warning: 'rb_data_object_get_warning' is deprecated: by TypedData [-Wdeprecated-declarations]
  708 |   Data_Get_Struct(child, cmark_node, node2);
      |   ^
/Users/dave/.rubies/ruby-3.4.1/include/ruby-3.4.0/ruby/internal/core/rdata.h:275:34: note: expanded from macro 'Data_Get_Struct'
  275 |     ((sval) = RBIMPL_CAST((type*)rb_data_object_get(obj)))
      |                                  ^
/Users/dave/.rubies/ruby-3.4.1/include/ruby-3.4.0/ruby/internal/core/rdata.h:367:31: note: expanded from macro 'rb_data_object_get'
  367 | #define rb_data_object_get    RUBY_MACRO_SELECT(rb_data_object_get_2, RUBY_UNTYPED_DATA_WARNING)
      |                               ^
/Users/dave/.rubies/ruby-3.4.1/include/ruby-3.4.0/ruby/internal/core/rdata.h:50:35: note: expanded from macro 'RUBY_MACRO_SELECT'
   50 | #define RUBY_MACRO_SELECT(x, y)   RBIMPL_MACRO_SELECT(x, y)
      |                                   ^
/Users/dave/.rubies/ruby-3.4.1/include/ruby-3.4.0/ruby/internal/core/rdata.h:49:35: note: expanded from macro 'RBIMPL_MACRO_SELECT'
   49 | #define RBIMPL_MACRO_SELECT(x, y) x ## y
      |                                   ^
<scratch space>:161:1: note: expanded from here
  161 | rb_data_object_get_1
      | ^
/Users/dave/.rubies/ruby-3.4.1/include/ruby-3.4.0/ruby/internal/core/rdata.h:365:31: note: expanded from macro 'rb_data_object_get_1'
  365 | #define rb_data_object_get_1  rb_data_object_get_warning
      |                               ^
/Users/dave/.rubies/ruby-3.4.1/include/ruby-3.4.0/ruby/internal/core/rdata.h:314:1: note: 'rb_data_object_get_warning' has been explicitly marked deprecated here
  314 | RBIMPL_ATTRSET_UNTYPED_DATA_FUNC()
      | ^
/Users/dave/.rubies/ruby-3.4.1/include/ruby-3.4.0/ruby/internal/core/rdata.h:47:5: note: expanded from macro 'RBIMPL_ATTRSET_UNTYPED_DATA_FUNC'
   47 |     RBIMPL_ATTR_DEPRECATED(("by TypedData"))
      |     ^
/Users/dave/.rubies/ruby-3.4.1/include/ruby-3.4.0/ruby/internal/attr/deprecated.h:36:53: note: expanded from macro 'RBIMPL_ATTR_DEPRECATED'
   36 | # define RBIMPL_ATTR_DEPRECATED(msg) __attribute__((__deprecated__ msg))
      |                                                     ^
commonmarker.c:729:3: warning: 'rb_data_object_get_warning' is deprecated: by TypedData [-Wdeprecated-declarations]
  729 |   Data_Get_Struct(self, cmark_node, node1);
      |   ^
/Users/dave/.rubies/ruby-3.4.1/include/ruby-3.4.0/ruby/internal/core/rdata.h:275:34: note: expanded from macro 'Data_Get_Struct'
  275 |     ((sval) = RBIMPL_CAST((type*)rb_data_object_get(obj)))
      |                                  ^
/Users/dave/.rubies/ruby-3.4.1/include/ruby-3.4.0/ruby/internal/core/rdata.h:367:31: note: expanded from macro 'rb_data_object_get'
  367 | #define rb_data_object_get    RUBY_MACRO_SELECT(rb_data_object_get_2, RUBY_UNTYPED_DATA_WARNING)
      |                               ^
/Users/dave/.rubies/ruby-3.4.1/include/ruby-3.4.0/ruby/internal/core/rdata.h:50:35: note: expanded from macro 'RUBY_MACRO_SELECT'
   50 | #define RUBY_MACRO_SELECT(x, y)   RBIMPL_MACRO_SELECT(x, y)
      |                                   ^
/Users/dave/.rubies/ruby-3.4.1/include/ruby-3.4.0/ruby/internal/core/rdata.h:49:35: note: expanded from macro 'RBIMPL_MACRO_SELECT'
   49 | #define RBIMPL_MACRO_SELECT(x, y) x ## y
      |                                   ^
<scratch space>:162:1: note: expanded from here
  162 | rb_data_object_get_1
      | ^
/Users/dave/.rubies/ruby-3.4.1/include/ruby-3.4.0/ruby/internal/core/rdata.h:365:31: note: expanded from macro 'rb_data_object_get_1'
  365 | #define rb_data_object_get_1  rb_data_object_get_warning
      |                               ^
/Users/dave/.rubies/ruby-3.4.1/include/ruby-3.4.0/ruby/internal/core/rdata.h:314:1: note: 'rb_data_object_get_warning' has been explicitly marked deprecated here
  314 | RBIMPL_ATTRSET_UNTYPED_DATA_FUNC()
      | ^
/Users/dave/.rubies/ruby-3.4.1/include/ruby-3.4.0/ruby/internal/core/rdata.h:47:5: note: expanded from macro 'RBIMPL_ATTRSET_UNTYPED_DATA_FUNC'
   47 |     RBIMPL_ATTR_DEPRECATED(("by TypedData"))
      |     ^
/Users/dave/.rubies/ruby-3.4.1/include/ruby-3.4.0/ruby/internal/attr/deprecated.h:36:53: note: expanded from macro 'RBIMPL_ATTR_DEPRECATED'
   36 | # define RBIMPL_ATTR_DEPRECATED(msg) __attribute__((__deprecated__ msg))
      |                                                     ^
commonmarker.c:731:3: warning: 'rb_data_object_get_warning' is deprecated: by TypedData [-Wdeprecated-declarations]
  731 |   Data_Get_Struct(child, cmark_node, node2);
      |   ^
/Users/dave/.rubies/ruby-3.4.1/include/ruby-3.4.0/ruby/internal/core/rdata.h:275:34: note: expanded from macro 'Data_Get_Struct'
  275 |     ((sval) = RBIMPL_CAST((type*)rb_data_object_get(obj)))
      |                                  ^
/Users/dave/.rubies/ruby-3.4.1/include/ruby-3.4.0/ruby/internal/core/rdata.h:367:31: note: expanded from macro 'rb_data_object_get'
  367 | #define rb_data_object_get    RUBY_MACRO_SELECT(rb_data_object_get_2, RUBY_UNTYPED_DATA_WARNING)
      |                               ^
/Users/dave/.rubies/ruby-3.4.1/include/ruby-3.4.0/ruby/internal/core/rdata.h:50:35: note: expanded from macro 'RUBY_MACRO_SELECT'
   50 | #define RUBY_MACRO_SELECT(x, y)   RBIMPL_MACRO_SELECT(x, y)
      |                                   ^
/Users/dave/.rubies/ruby-3.4.1/include/ruby-3.4.0/ruby/internal/core/rdata.h:49:35: note: expanded from macro 'RBIMPL_MACRO_SELECT'
   49 | #define RBIMPL_MACRO_SELECT(x, y) x ## y
      |                                   ^
<scratch space>:163:1: note: expanded from here
  163 | rb_data_object_get_1
      | ^
/Users/dave/.rubies/ruby-3.4.1/include/ruby-3.4.0/ruby/internal/core/rdata.h:365:31: note: expanded from macro 'rb_data_object_get_1'
  365 | #define rb_data_object_get_1  rb_data_object_get_warning
      |                               ^
/Users/dave/.rubies/ruby-3.4.1/include/ruby-3.4.0/ruby/internal/core/rdata.h:314:1: note: 'rb_data_object_get_warning' has been explicitly marked deprecated here
  314 | RBIMPL_ATTRSET_UNTYPED_DATA_FUNC()
      | ^
/Users/dave/.rubies/ruby-3.4.1/include/ruby-3.4.0/ruby/internal/core/rdata.h:47:5: note: expanded from macro 'RBIMPL_ATTRSET_UNTYPED_DATA_FUNC'
   47 |     RBIMPL_ATTR_DEPRECATED(("by TypedData"))
      |     ^
/Users/dave/.rubies/ruby-3.4.1/include/ruby-3.4.0/ruby/internal/attr/deprecated.h:36:53: note: expanded from macro 'RBIMPL_ATTR_DEPRECATED'
   36 | # define RBIMPL_ATTR_DEPRECATED(msg) __attribute__((__deprecated__ msg))
      |                                                     ^
commonmarker.c:748:3: warning: 'rb_data_object_get_warning' is deprecated: by TypedData [-Wdeprecated-declarations]
  748 |   Data_Get_Struct(self, cmark_node, node);
      |   ^
/Users/dave/.rubies/ruby-3.4.1/include/ruby-3.4.0/ruby/internal/core/rdata.h:275:34: note: expanded from macro 'Data_Get_Struct'
  275 |     ((sval) = RBIMPL_CAST((type*)rb_data_object_get(obj)))
      |                                  ^
/Users/dave/.rubies/ruby-3.4.1/include/ruby-3.4.0/ruby/internal/core/rdata.h:367:31: note: expanded from macro 'rb_data_object_get'
  367 | #define rb_data_object_get    RUBY_MACRO_SELECT(rb_data_object_get_2, RUBY_UNTYPED_DATA_WARNING)
      |                               ^
/Users/dave/.rubies/ruby-3.4.1/include/ruby-3.4.0/ruby/internal/core/rdata.h:50:35: note: expanded from macro 'RUBY_MACRO_SELECT'
   50 | #define RUBY_MACRO_SELECT(x, y)   RBIMPL_MACRO_SELECT(x, y)
      |                                   ^
/Users/dave/.rubies/ruby-3.4.1/include/ruby-3.4.0/ruby/internal/core/rdata.h:49:35: note: expanded from macro 'RBIMPL_MACRO_SELECT'
   49 | #define RBIMPL_MACRO_SELECT(x, y) x ## y
      |                                   ^
<scratch space>:164:1: note: expanded from here
  164 | rb_data_object_get_1
      | ^
/Users/dave/.rubies/ruby-3.4.1/include/ruby-3.4.0/ruby/internal/core/rdata.h:365:31: note: expanded from macro 'rb_data_object_get_1'
  365 | #define rb_data_object_get_1  rb_data_object_get_warning
      |                               ^
/Users/dave/.rubies/ruby-3.4.1/include/ruby-3.4.0/ruby/internal/core/rdata.h:314:1: note: 'rb_data_object_get_warning' has been explicitly marked deprecated here
  314 | RBIMPL_ATTRSET_UNTYPED_DATA_FUNC()
      | ^
/Users/dave/.rubies/ruby-3.4.1/include/ruby-3.4.0/ruby/internal/core/rdata.h:47:5: note: expanded from macro 'RBIMPL_ATTRSET_UNTYPED_DATA_FUNC'
   47 |     RBIMPL_ATTR_DEPRECATED(("by TypedData"))
      |     ^
/Users/dave/.rubies/ruby-3.4.1/include/ruby-3.4.0/ruby/internal/attr/deprecated.h:36:53: note: expanded from macro 'RBIMPL_ATTR_DEPRECATED'
   36 | # define RBIMPL_ATTR_DEPRECATED(msg) __attribute__((__deprecated__ msg))
      |                                                     ^
commonmarker.c:761:3: warning: 'rb_data_object_get_warning' is deprecated: by TypedData [-Wdeprecated-declarations]
  761 |   Data_Get_Struct(self, cmark_node, node);
      |   ^
/Users/dave/.rubies/ruby-3.4.1/include/ruby-3.4.0/ruby/internal/core/rdata.h:275:34: note: expanded from macro 'Data_Get_Struct'
  275 |     ((sval) = RBIMPL_CAST((type*)rb_data_object_get(obj)))
      |                                  ^
/Users/dave/.rubies/ruby-3.4.1/include/ruby-3.4.0/ruby/internal/core/rdata.h:367:31: note: expanded from macro 'rb_data_object_get'
  367 | #define rb_data_object_get    RUBY_MACRO_SELECT(rb_data_object_get_2, RUBY_UNTYPED_DATA_WARNING)
      |                               ^
/Users/dave/.rubies/ruby-3.4.1/include/ruby-3.4.0/ruby/internal/core/rdata.h:50:35: note: expanded from macro 'RUBY_MACRO_SELECT'
   50 | #define RUBY_MACRO_SELECT(x, y)   RBIMPL_MACRO_SELECT(x, y)
      |                                   ^
/Users/dave/.rubies/ruby-3.4.1/include/ruby-3.4.0/ruby/internal/core/rdata.h:49:35: note: expanded from macro 'RBIMPL_MACRO_SELECT'
   49 | #define RBIMPL_MACRO_SELECT(x, y) x ## y
      |                                   ^
<scratch space>:165:1: note: expanded from here
  165 | rb_data_object_get_1
      | ^
/Users/dave/.rubies/ruby-3.4.1/include/ruby-3.4.0/ruby/internal/core/rdata.h:365:31: note: expanded from macro 'rb_data_object_get_1'
  365 | #define rb_data_object_get_1  rb_data_object_get_warning
      |                               ^
/Users/dave/.rubies/ruby-3.4.1/include/ruby-3.4.0/ruby/internal/core/rdata.h:314:1: note: 'rb_data_object_get_warning' has been explicitly marked deprecated here
  314 | RBIMPL_ATTRSET_UNTYPED_DATA_FUNC()
      | ^
/Users/dave/.rubies/ruby-3.4.1/include/ruby-3.4.0/ruby/internal/core/rdata.h:47:5: note: expanded from macro 'RBIMPL_ATTRSET_UNTYPED_DATA_FUNC'
   47 |     RBIMPL_ATTR_DEPRECATED(("by TypedData"))
      |     ^
/Users/dave/.rubies/ruby-3.4.1/include/ruby-3.4.0/ruby/internal/attr/deprecated.h:36:53: note: expanded from macro 'RBIMPL_ATTR_DEPRECATED'
   36 | # define RBIMPL_ATTR_DEPRECATED(msg) __attribute__((__deprecated__ msg))
      |                                                     ^
commonmarker.c:774:3: warning: 'rb_data_object_get_warning' is deprecated: by TypedData [-Wdeprecated-declarations]
  774 |   Data_Get_Struct(self, cmark_node, node);
      |   ^
/Users/dave/.rubies/ruby-3.4.1/include/ruby-3.4.0/ruby/internal/core/rdata.h:275:34: note: expanded from macro 'Data_Get_Struct'
  275 |     ((sval) = RBIMPL_CAST((type*)rb_data_object_get(obj)))
      |                                  ^
/Users/dave/.rubies/ruby-3.4.1/include/ruby-3.4.0/ruby/internal/core/rdata.h:367:31: note: expanded from macro 'rb_data_object_get'
  367 | #define rb_data_object_get    RUBY_MACRO_SELECT(rb_data_object_get_2, RUBY_UNTYPED_DATA_WARNING)
      |                               ^
/Users/dave/.rubies/ruby-3.4.1/include/ruby-3.4.0/ruby/internal/core/rdata.h:50:35: note: expanded from macro 'RUBY_MACRO_SELECT'
   50 | #define RUBY_MACRO_SELECT(x, y)   RBIMPL_MACRO_SELECT(x, y)
      |                                   ^
/Users/dave/.rubies/ruby-3.4.1/include/ruby-3.4.0/ruby/internal/core/rdata.h:49:35: note: expanded from macro 'RBIMPL_MACRO_SELECT'
   49 | #define RBIMPL_MACRO_SELECT(x, y) x ## y
      |                                   ^
<scratch space>:166:1: note: expanded from here
  166 | rb_data_object_get_1
      | ^
/Users/dave/.rubies/ruby-3.4.1/include/ruby-3.4.0/ruby/internal/core/rdata.h:365:31: note: expanded from macro 'rb_data_object_get_1'
  365 | #define rb_data_object_get_1  rb_data_object_get_warning
      |                               ^
/Users/dave/.rubies/ruby-3.4.1/include/ruby-3.4.0/ruby/internal/core/rdata.h:314:1: note: 'rb_data_object_get_warning' has been explicitly marked deprecated here
  314 | RBIMPL_ATTRSET_UNTYPED_DATA_FUNC()
      | ^
/Users/dave/.rubies/ruby-3.4.1/include/ruby-3.4.0/ruby/internal/core/rdata.h:47:5: note: expanded from macro 'RBIMPL_ATTRSET_UNTYPED_DATA_FUNC'
   47 |     RBIMPL_ATTR_DEPRECATED(("by TypedData"))
      |     ^
/Users/dave/.rubies/ruby-3.4.1/include/ruby-3.4.0/ruby/internal/attr/deprecated.h:36:53: note: expanded from macro 'RBIMPL_ATTR_DEPRECATED'
   36 | # define RBIMPL_ATTR_DEPRECATED(msg) __attribute__((__deprecated__ msg))
      |                                                     ^
commonmarker.c:790:3: warning: 'rb_data_object_get_warning' is deprecated: by TypedData [-Wdeprecated-declarations]
  790 |   Data_Get_Struct(self, cmark_node, node);
      |   ^
/Users/dave/.rubies/ruby-3.4.1/include/ruby-3.4.0/ruby/internal/core/rdata.h:275:34: note: expanded from macro 'Data_Get_Struct'
  275 |     ((sval) = RBIMPL_CAST((type*)rb_data_object_get(obj)))
      |                                  ^
/Users/dave/.rubies/ruby-3.4.1/include/ruby-3.4.0/ruby/internal/core/rdata.h:367:31: note: expanded from macro 'rb_data_object_get'
  367 | #define rb_data_object_get    RUBY_MACRO_SELECT(rb_data_object_get_2, RUBY_UNTYPED_DATA_WARNING)
      |                               ^
/Users/dave/.rubies/ruby-3.4.1/include/ruby-3.4.0/ruby/internal/core/rdata.h:50:35: note: expanded from macro 'RUBY_MACRO_SELECT'
   50 | #define RUBY_MACRO_SELECT(x, y)   RBIMPL_MACRO_SELECT(x, y)
      |                                   ^
/Users/dave/.rubies/ruby-3.4.1/include/ruby-3.4.0/ruby/internal/core/rdata.h:49:35: note: expanded from macro 'RBIMPL_MACRO_SELECT'
   49 | #define RBIMPL_MACRO_SELECT(x, y) x ## y
      |                                   ^
<scratch space>:167:1: note: expanded from here
  167 | rb_data_object_get_1
      | ^
/Users/dave/.rubies/ruby-3.4.1/include/ruby-3.4.0/ruby/internal/core/rdata.h:365:31: note: expanded from macro 'rb_data_object_get_1'
  365 | #define rb_data_object_get_1  rb_data_object_get_warning
      |                               ^
/Users/dave/.rubies/ruby-3.4.1/include/ruby-3.4.0/ruby/internal/core/rdata.h:314:1: note: 'rb_data_object_get_warning' has been explicitly marked deprecated here
  314 | RBIMPL_ATTRSET_UNTYPED_DATA_FUNC()
      | ^
/Users/dave/.rubies/ruby-3.4.1/include/ruby-3.4.0/ruby/internal/core/rdata.h:47:5: note: expanded from macro 'RBIMPL_ATTRSET_UNTYPED_DATA_FUNC'
   47 |     RBIMPL_ATTR_DEPRECATED(("by TypedData"))
      |     ^
/Users/dave/.rubies/ruby-3.4.1/include/ruby-3.4.0/ruby/internal/attr/deprecated.h:36:53: note: expanded from macro 'RBIMPL_ATTR_DEPRECATED'
   36 | # define RBIMPL_ATTR_DEPRECATED(msg) __attribute__((__deprecated__ msg))
      |                                                     ^
commonmarker.c:812:3: warning: 'rb_data_object_get_warning' is deprecated: by TypedData [-Wdeprecated-declarations]
  812 |   Data_Get_Struct(self, cmark_node, node);
      |   ^
/Users/dave/.rubies/ruby-3.4.1/include/ruby-3.4.0/ruby/internal/core/rdata.h:275:34: note: expanded from macro 'Data_Get_Struct'
  275 |     ((sval) = RBIMPL_CAST((type*)rb_data_object_get(obj)))
      |                                  ^
/Users/dave/.rubies/ruby-3.4.1/include/ruby-3.4.0/ruby/internal/core/rdata.h:367:31: note: expanded from macro 'rb_data_object_get'
  367 | #define rb_data_object_get    RUBY_MACRO_SELECT(rb_data_object_get_2, RUBY_UNTYPED_DATA_WARNING)
      |                               ^
/Users/dave/.rubies/ruby-3.4.1/include/ruby-3.4.0/ruby/internal/core/rdata.h:50:35: note: expanded from macro 'RUBY_MACRO_SELECT'
   50 | #define RUBY_MACRO_SELECT(x, y)   RBIMPL_MACRO_SELECT(x, y)
      |                                   ^
/Users/dave/.rubies/ruby-3.4.1/include/ruby-3.4.0/ruby/internal/core/rdata.h:49:35: note: expanded from macro 'RBIMPL_MACRO_SELECT'
   49 | #define RBIMPL_MACRO_SELECT(x, y) x ## y
      |                                   ^
<scratch space>:168:1: note: expanded from here
  168 | rb_data_object_get_1
      | ^
/Users/dave/.rubies/ruby-3.4.1/include/ruby-3.4.0/ruby/internal/core/rdata.h:365:31: note: expanded from macro 'rb_data_object_get_1'
  365 | #define rb_data_object_get_1  rb_data_object_get_warning
      |                               ^
/Users/dave/.rubies/ruby-3.4.1/include/ruby-3.4.0/ruby/internal/core/rdata.h:314:1: note: 'rb_data_object_get_warning' has been explicitly marked deprecated here
  314 | RBIMPL_ATTRSET_UNTYPED_DATA_FUNC()
      | ^
/Users/dave/.rubies/ruby-3.4.1/include/ruby-3.4.0/ruby/internal/core/rdata.h:47:5: note: expanded from macro 'RBIMPL_ATTRSET_UNTYPED_DATA_FUNC'
   47 |     RBIMPL_ATTR_DEPRECATED(("by TypedData"))
      |     ^
/Users/dave/.rubies/ruby-3.4.1/include/ruby-3.4.0/ruby/internal/attr/deprecated.h:36:53: note: expanded from macro 'RBIMPL_ATTR_DEPRECATED'
   36 | # define RBIMPL_ATTR_DEPRECATED(msg) __attribute__((__deprecated__ msg))
      |                                                     ^
commonmarker.c:831:3: warning: 'rb_data_object_get_warning' is deprecated: by TypedData [-Wdeprecated-declarations]
  831 |   Data_Get_Struct(self, cmark_node, node);
      |   ^
/Users/dave/.rubies/ruby-3.4.1/include/ruby-3.4.0/ruby/internal/core/rdata.h:275:34: note: expanded from macro 'Data_Get_Struct'
  275 |     ((sval) = RBIMPL_CAST((type*)rb_data_object_get(obj)))
      |                                  ^
/Users/dave/.rubies/ruby-3.4.1/include/ruby-3.4.0/ruby/internal/core/rdata.h:367:31: note: expanded from macro 'rb_data_object_get'
  367 | #define rb_data_object_get    RUBY_MACRO_SELECT(rb_data_object_get_2, RUBY_UNTYPED_DATA_WARNING)
      |                               ^
/Users/dave/.rubies/ruby-3.4.1/include/ruby-3.4.0/ruby/internal/core/rdata.h:50:35: note: expanded from macro 'RUBY_MACRO_SELECT'
   50 | #define RUBY_MACRO_SELECT(x, y)   RBIMPL_MACRO_SELECT(x, y)
      |                                   ^
/Users/dave/.rubies/ruby-3.4.1/include/ruby-3.4.0/ruby/internal/core/rdata.h:49:35: note: expanded from macro 'RBIMPL_MACRO_SELECT'
   49 | #define RBIMPL_MACRO_SELECT(x, y) x ## y
      |                                   ^
<scratch space>:169:1: note: expanded from here
  169 | rb_data_object_get_1
      | ^
/Users/dave/.rubies/ruby-3.4.1/include/ruby-3.4.0/ruby/internal/core/rdata.h:365:31: note: expanded from macro 'rb_data_object_get_1'
  365 | #define rb_data_object_get_1  rb_data_object_get_warning
      |                               ^
/Users/dave/.rubies/ruby-3.4.1/include/ruby-3.4.0/ruby/internal/core/rdata.h:314:1: note: 'rb_data_object_get_warning' has been explicitly marked deprecated here
  314 | RBIMPL_ATTRSET_UNTYPED_DATA_FUNC()
      | ^
/Users/dave/.rubies/ruby-3.4.1/include/ruby-3.4.0/ruby/internal/core/rdata.h:47:5: note: expanded from macro 'RBIMPL_ATTRSET_UNTYPED_DATA_FUNC'
   47 |     RBIMPL_ATTR_DEPRECATED(("by TypedData"))
      |     ^
/Users/dave/.rubies/ruby-3.4.1/include/ruby-3.4.0/ruby/internal/attr/deprecated.h:36:53: note: expanded from macro 'RBIMPL_ATTR_DEPRECATED'
   36 | # define RBIMPL_ATTR_DEPRECATED(msg) __attribute__((__deprecated__ msg))
      |                                                     ^
commonmarker.c:853:3: warning: 'rb_data_object_get_warning' is deprecated: by TypedData [-Wdeprecated-declarations]
  853 |   Data_Get_Struct(self, cmark_node, node);
      |   ^
/Users/dave/.rubies/ruby-3.4.1/include/ruby-3.4.0/ruby/internal/core/rdata.h:275:34: note: expanded from macro 'Data_Get_Struct'
  275 |     ((sval) = RBIMPL_CAST((type*)rb_data_object_get(obj)))
      |                                  ^
/Users/dave/.rubies/ruby-3.4.1/include/ruby-3.4.0/ruby/internal/core/rdata.h:367:31: note: expanded from macro 'rb_data_object_get'
  367 | #define rb_data_object_get    RUBY_MACRO_SELECT(rb_data_object_get_2, RUBY_UNTYPED_DATA_WARNING)
      |                               ^
/Users/dave/.rubies/ruby-3.4.1/include/ruby-3.4.0/ruby/internal/core/rdata.h:50:35: note: expanded from macro 'RUBY_MACRO_SELECT'
   50 | #define RUBY_MACRO_SELECT(x, y)   RBIMPL_MACRO_SELECT(x, y)
      |                                   ^
/Users/dave/.rubies/ruby-3.4.1/include/ruby-3.4.0/ruby/internal/core/rdata.h:49:35: note: expanded from macro 'RBIMPL_MACRO_SELECT'
   49 | #define RBIMPL_MACRO_SELECT(x, y) x ## y
      |                                   ^
<scratch space>:170:1: note: expanded from here
  170 | rb_data_object_get_1
      | ^
/Users/dave/.rubies/ruby-3.4.1/include/ruby-3.4.0/ruby/internal/core/rdata.h:365:31: note: expanded from macro 'rb_data_object_get_1'
  365 | #define rb_data_object_get_1  rb_data_object_get_warning
      |                               ^
/Users/dave/.rubies/ruby-3.4.1/include/ruby-3.4.0/ruby/internal/core/rdata.h:314:1: note: 'rb_data_object_get_warning' has been explicitly marked deprecated here
  314 | RBIMPL_ATTRSET_UNTYPED_DATA_FUNC()
      | ^
/Users/dave/.rubies/ruby-3.4.1/include/ruby-3.4.0/ruby/internal/core/rdata.h:47:5: note: expanded from macro 'RBIMPL_ATTRSET_UNTYPED_DATA_FUNC'
   47 |     RBIMPL_ATTR_DEPRECATED(("by TypedData"))
      |     ^
/Users/dave/.rubies/ruby-3.4.1/include/ruby-3.4.0/ruby/internal/attr/deprecated.h:36:53: note: expanded from macro 'RBIMPL_ATTR_DEPRECATED'
   36 | # define RBIMPL_ATTR_DEPRECATED(msg) __attribute__((__deprecated__ msg))
      |                                                     ^
commonmarker.c:872:3: warning: 'rb_data_object_get_warning' is deprecated: by TypedData [-Wdeprecated-declarations]
  872 |   Data_Get_Struct(self, cmark_node, node);
      |   ^
/Users/dave/.rubies/ruby-3.4.1/include/ruby-3.4.0/ruby/internal/core/rdata.h:275:34: note: expanded from macro 'Data_Get_Struct'
  275 |     ((sval) = RBIMPL_CAST((type*)rb_data_object_get(obj)))
      |                                  ^
/Users/dave/.rubies/ruby-3.4.1/include/ruby-3.4.0/ruby/internal/core/rdata.h:367:31: note: expanded from macro 'rb_data_object_get'
  367 | #define rb_data_object_get    RUBY_MACRO_SELECT(rb_data_object_get_2, RUBY_UNTYPED_DATA_WARNING)
      |                               ^
/Users/dave/.rubies/ruby-3.4.1/include/ruby-3.4.0/ruby/internal/core/rdata.h:50:35: note: expanded from macro 'RUBY_MACRO_SELECT'
   50 | #define RUBY_MACRO_SELECT(x, y)   RBIMPL_MACRO_SELECT(x, y)
      |                                   ^
/Users/dave/.rubies/ruby-3.4.1/include/ruby-3.4.0/ruby/internal/core/rdata.h:49:35: note: expanded from macro 'RBIMPL_MACRO_SELECT'
   49 | #define RBIMPL_MACRO_SELECT(x, y) x ## y
      |                                   ^
<scratch space>:171:1: note: expanded from here
  171 | rb_data_object_get_1
      | ^
/Users/dave/.rubies/ruby-3.4.1/include/ruby-3.4.0/ruby/internal/core/rdata.h:365:31: note: expanded from macro 'rb_data_object_get_1'
  365 | #define rb_data_object_get_1  rb_data_object_get_warning
      |                               ^
/Users/dave/.rubies/ruby-3.4.1/include/ruby-3.4.0/ruby/internal/core/rdata.h:314:1: note: 'rb_data_object_get_warning' has been explicitly marked deprecated here
  314 | RBIMPL_ATTRSET_UNTYPED_DATA_FUNC()
      | ^
/Users/dave/.rubies/ruby-3.4.1/include/ruby-3.4.0/ruby/internal/core/rdata.h:47:5: note: expanded from macro 'RBIMPL_ATTRSET_UNTYPED_DATA_FUNC'
   47 |     RBIMPL_ATTR_DEPRECATED(("by TypedData"))
      |     ^
/Users/dave/.rubies/ruby-3.4.1/include/ruby-3.4.0/ruby/internal/attr/deprecated.h:36:53: note: expanded from macro 'RBIMPL_ATTR_DEPRECATED'
   36 | # define RBIMPL_ATTR_DEPRECATED(msg) __attribute__((__deprecated__ msg))
      |                                                     ^
commonmarker.c:895:3: warning: 'rb_data_object_get_warning' is deprecated: by TypedData [-Wdeprecated-declarations]
  895 |   Data_Get_Struct(self, cmark_node, node);
      |   ^
/Users/dave/.rubies/ruby-3.4.1/include/ruby-3.4.0/ruby/internal/core/rdata.h:275:34: note: expanded from macro 'Data_Get_Struct'
  275 |     ((sval) = RBIMPL_CAST((type*)rb_data_object_get(obj)))
      |                                  ^
/Users/dave/.rubies/ruby-3.4.1/include/ruby-3.4.0/ruby/internal/core/rdata.h:367:31: note: expanded from macro 'rb_data_object_get'
  367 | #define rb_data_object_get    RUBY_MACRO_SELECT(rb_data_object_get_2, RUBY_UNTYPED_DATA_WARNING)
      |                               ^
/Users/dave/.rubies/ruby-3.4.1/include/ruby-3.4.0/ruby/internal/core/rdata.h:50:35: note: expanded from macro 'RUBY_MACRO_SELECT'
   50 | #define RUBY_MACRO_SELECT(x, y)   RBIMPL_MACRO_SELECT(x, y)
      |                                   ^
/Users/dave/.rubies/ruby-3.4.1/include/ruby-3.4.0/ruby/internal/core/rdata.h:49:35: note: expanded from macro 'RBIMPL_MACRO_SELECT'
   49 | #define RBIMPL_MACRO_SELECT(x, y) x ## y
      |                                   ^
<scratch space>:172:1: note: expanded from here
  172 | rb_data_object_get_1
      | ^
/Users/dave/.rubies/ruby-3.4.1/include/ruby-3.4.0/ruby/internal/core/rdata.h:365:31: note: expanded from macro 'rb_data_object_get_1'
  365 | #define rb_data_object_get_1  rb_data_object_get_warning
      |                               ^
/Users/dave/.rubies/ruby-3.4.1/include/ruby-3.4.0/ruby/internal/core/rdata.h:314:1: note: 'rb_data_object_get_warning' has been explicitly marked deprecated here
  314 | RBIMPL_ATTRSET_UNTYPED_DATA_FUNC()
      | ^
/Users/dave/.rubies/ruby-3.4.1/include/ruby-3.4.0/ruby/internal/core/rdata.h:47:5: note: expanded from macro 'RBIMPL_ATTRSET_UNTYPED_DATA_FUNC'
   47 |     RBIMPL_ATTR_DEPRECATED(("by TypedData"))
      |     ^
/Users/dave/.rubies/ruby-3.4.1/include/ruby-3.4.0/ruby/internal/attr/deprecated.h:36:53: note: expanded from macro 'RBIMPL_ATTR_DEPRECATED'
   36 | # define RBIMPL_ATTR_DEPRECATED(msg) __attribute__((__deprecated__ msg))
      |                                                     ^
commonmarker.c:915:3: warning: 'rb_data_object_get_warning' is deprecated: by TypedData [-Wdeprecated-declarations]
  915 |   Data_Get_Struct(self, cmark_node, node);
      |   ^
/Users/dave/.rubies/ruby-3.4.1/include/ruby-3.4.0/ruby/internal/core/rdata.h:275:34: note: expanded from macro 'Data_Get_Struct'
  275 |     ((sval) = RBIMPL_CAST((type*)rb_data_object_get(obj)))
      |                                  ^
/Users/dave/.rubies/ruby-3.4.1/include/ruby-3.4.0/ruby/internal/core/rdata.h:367:31: note: expanded from macro 'rb_data_object_get'
  367 | #define rb_data_object_get    RUBY_MACRO_SELECT(rb_data_object_get_2, RUBY_UNTYPED_DATA_WARNING)
      |                               ^
/Users/dave/.rubies/ruby-3.4.1/include/ruby-3.4.0/ruby/internal/core/rdata.h:50:35: note: expanded from macro 'RUBY_MACRO_SELECT'
   50 | #define RUBY_MACRO_SELECT(x, y)   RBIMPL_MACRO_SELECT(x, y)
      |                                   ^
/Users/dave/.rubies/ruby-3.4.1/include/ruby-3.4.0/ruby/internal/core/rdata.h:49:35: note: expanded from macro 'RBIMPL_MACRO_SELECT'
   49 | #define RBIMPL_MACRO_SELECT(x, y) x ## y
      |                                   ^
<scratch space>:173:1: note: expanded from here
  173 | rb_data_object_get_1
      | ^
/Users/dave/.rubies/ruby-3.4.1/include/ruby-3.4.0/ruby/internal/core/rdata.h:365:31: note: expanded from macro 'rb_data_object_get_1'
  365 | #define rb_data_object_get_1  rb_data_object_get_warning
      |                               ^
/Users/dave/.rubies/ruby-3.4.1/include/ruby-3.4.0/ruby/internal/core/rdata.h:314:1: note: 'rb_data_object_get_warning' has been explicitly marked deprecated here
  314 | RBIMPL_ATTRSET_UNTYPED_DATA_FUNC()
      | ^
/Users/dave/.rubies/ruby-3.4.1/include/ruby-3.4.0/ruby/internal/core/rdata.h:47:5: note: expanded from macro 'RBIMPL_ATTRSET_UNTYPED_DATA_FUNC'
   47 |     RBIMPL_ATTR_DEPRECATED(("by TypedData"))
      |     ^
/Users/dave/.rubies/ruby-3.4.1/include/ruby-3.4.0/ruby/internal/attr/deprecated.h:36:53: note: expanded from macro 'RBIMPL_ATTR_DEPRECATED'
   36 | # define RBIMPL_ATTR_DEPRECATED(msg) __attribute__((__deprecated__ msg))
      |                                                     ^
commonmarker.c:942:3: warning: 'rb_data_object_get_warning' is deprecated: by TypedData [-Wdeprecated-declarations]
  942 |   Data_Get_Struct(self, cmark_node, node);
      |   ^
/Users/dave/.rubies/ruby-3.4.1/include/ruby-3.4.0/ruby/internal/core/rdata.h:275:34: note: expanded from macro 'Data_Get_Struct'
  275 |     ((sval) = RBIMPL_CAST((type*)rb_data_object_get(obj)))
      |                                  ^
/Users/dave/.rubies/ruby-3.4.1/include/ruby-3.4.0/ruby/internal/core/rdata.h:367:31: note: expanded from macro 'rb_data_object_get'
  367 | #define rb_data_object_get    RUBY_MACRO_SELECT(rb_data_object_get_2, RUBY_UNTYPED_DATA_WARNING)
      |                               ^
/Users/dave/.rubies/ruby-3.4.1/include/ruby-3.4.0/ruby/internal/core/rdata.h:50:35: note: expanded from macro 'RUBY_MACRO_SELECT'
   50 | #define RUBY_MACRO_SELECT(x, y)   RBIMPL_MACRO_SELECT(x, y)
      |                                   ^
/Users/dave/.rubies/ruby-3.4.1/include/ruby-3.4.0/ruby/internal/core/rdata.h:49:35: note: expanded from macro 'RBIMPL_MACRO_SELECT'
   49 | #define RBIMPL_MACRO_SELECT(x, y) x ## y
      |                                   ^
<scratch space>:174:1: note: expanded from here
  174 | rb_data_object_get_1
      | ^
/Users/dave/.rubies/ruby-3.4.1/include/ruby-3.4.0/ruby/internal/core/rdata.h:365:31: note: expanded from macro 'rb_data_object_get_1'
  365 | #define rb_data_object_get_1  rb_data_object_get_warning
      |                               ^
/Users/dave/.rubies/ruby-3.4.1/include/ruby-3.4.0/ruby/internal/core/rdata.h:314:1: note: 'rb_data_object_get_warning' has been explicitly marked deprecated here
  314 | RBIMPL_ATTRSET_UNTYPED_DATA_FUNC()
      | ^
/Users/dave/.rubies/ruby-3.4.1/include/ruby-3.4.0/ruby/internal/core/rdata.h:47:5: note: expanded from macro 'RBIMPL_ATTRSET_UNTYPED_DATA_FUNC'
   47 |     RBIMPL_ATTR_DEPRECATED(("by TypedData"))
      |     ^
/Users/dave/.rubies/ruby-3.4.1/include/ruby-3.4.0/ruby/internal/attr/deprecated.h:36:53: note: expanded from macro 'RBIMPL_ATTR_DEPRECATED'
   36 | # define RBIMPL_ATTR_DEPRECATED(msg) __attribute__((__deprecated__ msg))
      |                                                     ^
commonmarker.c:968:3: warning: 'rb_data_object_get_warning' is deprecated: by TypedData [-Wdeprecated-declarations]
  968 |   Data_Get_Struct(self, cmark_node, node);
      |   ^
/Users/dave/.rubies/ruby-3.4.1/include/ruby-3.4.0/ruby/internal/core/rdata.h:275:34: note: expanded from macro 'Data_Get_Struct'
  275 |     ((sval) = RBIMPL_CAST((type*)rb_data_object_get(obj)))
      |                                  ^
/Users/dave/.rubies/ruby-3.4.1/include/ruby-3.4.0/ruby/internal/core/rdata.h:367:31: note: expanded from macro 'rb_data_object_get'
  367 | #define rb_data_object_get    RUBY_MACRO_SELECT(rb_data_object_get_2, RUBY_UNTYPED_DATA_WARNING)
      |                               ^
/Users/dave/.rubies/ruby-3.4.1/include/ruby-3.4.0/ruby/internal/core/rdata.h:50:35: note: expanded from macro 'RUBY_MACRO_SELECT'
   50 | #define RUBY_MACRO_SELECT(x, y)   RBIMPL_MACRO_SELECT(x, y)
      |                                   ^
/Users/dave/.rubies/ruby-3.4.1/include/ruby-3.4.0/ruby/internal/core/rdata.h:49:35: note: expanded from macro 'RBIMPL_MACRO_SELECT'
   49 | #define RBIMPL_MACRO_SELECT(x, y) x ## y
      |                                   ^
<scratch space>:175:1: note: expanded from here
  175 | rb_data_object_get_1
      | ^
/Users/dave/.rubies/ruby-3.4.1/include/ruby-3.4.0/ruby/internal/core/rdata.h:365:31: note: expanded from macro 'rb_data_object_get_1'
  365 | #define rb_data_object_get_1  rb_data_object_get_warning
      |                               ^
/Users/dave/.rubies/ruby-3.4.1/include/ruby-3.4.0/ruby/internal/core/rdata.h:314:1: note: 'rb_data_object_get_warning' has been explicitly marked deprecated here
  314 | RBIMPL_ATTRSET_UNTYPED_DATA_FUNC()
      | ^
/Users/dave/.rubies/ruby-3.4.1/include/ruby-3.4.0/ruby/internal/core/rdata.h:47:5: note: expanded from macro 'RBIMPL_ATTRSET_UNTYPED_DATA_FUNC'
   47 |     RBIMPL_ATTR_DEPRECATED(("by TypedData"))
      |     ^
/Users/dave/.rubies/ruby-3.4.1/include/ruby-3.4.0/ruby/internal/attr/deprecated.h:36:53: note: expanded from macro 'RBIMPL_ATTR_DEPRECATED'
   36 | # define RBIMPL_ATTR_DEPRECATED(msg) __attribute__((__deprecated__ msg))
      |                                                     ^
commonmarker.c:992:3: warning: 'rb_data_object_get_warning' is deprecated: by TypedData [-Wdeprecated-declarations]
  992 |   Data_Get_Struct(self, cmark_node, node);
      |   ^
/Users/dave/.rubies/ruby-3.4.1/include/ruby-3.4.0/ruby/internal/core/rdata.h:275:34: note: expanded from macro 'Data_Get_Struct'
  275 |     ((sval) = RBIMPL_CAST((type*)rb_data_object_get(obj)))
      |                                  ^
/Users/dave/.rubies/ruby-3.4.1/include/ruby-3.4.0/ruby/internal/core/rdata.h:367:31: note: expanded from macro 'rb_data_object_get'
  367 | #define rb_data_object_get    RUBY_MACRO_SELECT(rb_data_object_get_2, RUBY_UNTYPED_DATA_WARNING)
      |                               ^
/Users/dave/.rubies/ruby-3.4.1/include/ruby-3.4.0/ruby/internal/core/rdata.h:50:35: note: expanded from macro 'RUBY_MACRO_SELECT'
   50 | #define RUBY_MACRO_SELECT(x, y)   RBIMPL_MACRO_SELECT(x, y)
      |                                   ^
/Users/dave/.rubies/ruby-3.4.1/include/ruby-3.4.0/ruby/internal/core/rdata.h:49:35: note: expanded from macro 'RBIMPL_MACRO_SELECT'
   49 | #define RBIMPL_MACRO_SELECT(x, y) x ## y
      |                                   ^
<scratch space>:176:1: note: expanded from here
  176 | rb_data_object_get_1
      | ^
/Users/dave/.rubies/ruby-3.4.1/include/ruby-3.4.0/ruby/internal/core/rdata.h:365:31: note: expanded from macro 'rb_data_object_get_1'
  365 | #define rb_data_object_get_1  rb_data_object_get_warning
      |                               ^
/Users/dave/.rubies/ruby-3.4.1/include/ruby-3.4.0/ruby/internal/core/rdata.h:314:1: note: 'rb_data_object_get_warning' has been explicitly marked deprecated here
  314 | RBIMPL_ATTRSET_UNTYPED_DATA_FUNC()
      | ^
/Users/dave/.rubies/ruby-3.4.1/include/ruby-3.4.0/ruby/internal/core/rdata.h:47:5: note: expanded from macro 'RBIMPL_ATTRSET_UNTYPED_DATA_FUNC'
   47 |     RBIMPL_ATTR_DEPRECATED(("by TypedData"))
      |     ^
/Users/dave/.rubies/ruby-3.4.1/include/ruby-3.4.0/ruby/internal/attr/deprecated.h:36:53: note: expanded from macro 'RBIMPL_ATTR_DEPRECATED'
   36 | # define RBIMPL_ATTR_DEPRECATED(msg) __attribute__((__deprecated__ msg))
      |                                                     ^
commonmarker.c:1011:3: warning: 'rb_data_object_get_warning' is deprecated: by TypedData [-Wdeprecated-declarations]
 1011 |   Data_Get_Struct(self, cmark_node, node);
      |   ^
/Users/dave/.rubies/ruby-3.4.1/include/ruby-3.4.0/ruby/internal/core/rdata.h:275:34: note: expanded from macro 'Data_Get_Struct'
  275 |     ((sval) = RBIMPL_CAST((type*)rb_data_object_get(obj)))
      |                                  ^
/Users/dave/.rubies/ruby-3.4.1/include/ruby-3.4.0/ruby/internal/core/rdata.h:367:31: note: expanded from macro 'rb_data_object_get'
  367 | #define rb_data_object_get    RUBY_MACRO_SELECT(rb_data_object_get_2, RUBY_UNTYPED_DATA_WARNING)
      |                               ^
/Users/dave/.rubies/ruby-3.4.1/include/ruby-3.4.0/ruby/internal/core/rdata.h:50:35: note: expanded from macro 'RUBY_MACRO_SELECT'
   50 | #define RUBY_MACRO_SELECT(x, y)   RBIMPL_MACRO_SELECT(x, y)
      |                                   ^
/Users/dave/.rubies/ruby-3.4.1/include/ruby-3.4.0/ruby/internal/core/rdata.h:49:35: note: expanded from macro 'RBIMPL_MACRO_SELECT'
   49 | #define RBIMPL_MACRO_SELECT(x, y) x ## y
      |                                   ^
<scratch space>:177:1: note: expanded from here
  177 | rb_data_object_get_1
      | ^
/Users/dave/.rubies/ruby-3.4.1/include/ruby-3.4.0/ruby/internal/core/rdata.h:365:31: note: expanded from macro 'rb_data_object_get_1'
  365 | #define rb_data_object_get_1  rb_data_object_get_warning
      |                               ^
/Users/dave/.rubies/ruby-3.4.1/include/ruby-3.4.0/ruby/internal/core/rdata.h:314:1: note: 'rb_data_object_get_warning' has been explicitly marked deprecated here
  314 | RBIMPL_ATTRSET_UNTYPED_DATA_FUNC()
      | ^
/Users/dave/.rubies/ruby-3.4.1/include/ruby-3.4.0/ruby/internal/core/rdata.h:47:5: note: expanded from macro 'RBIMPL_ATTRSET_UNTYPED_DATA_FUNC'
   47 |     RBIMPL_ATTR_DEPRECATED(("by TypedData"))
      |     ^
/Users/dave/.rubies/ruby-3.4.1/include/ruby-3.4.0/ruby/internal/attr/deprecated.h:36:53: note: expanded from macro 'RBIMPL_ATTR_DEPRECATED'
   36 | # define RBIMPL_ATTR_DEPRECATED(msg) __attribute__((__deprecated__ msg))
      |                                                     ^
commonmarker.c:1032:3: warning: 'rb_data_object_get_warning' is deprecated: by TypedData [-Wdeprecated-declarations]
 1032 |   Data_Get_Struct(self, cmark_node, node);
      |   ^
/Users/dave/.rubies/ruby-3.4.1/include/ruby-3.4.0/ruby/internal/core/rdata.h:275:34: note: expanded from macro 'Data_Get_Struct'
  275 |     ((sval) = RBIMPL_CAST((type*)rb_data_object_get(obj)))
      |                                  ^
/Users/dave/.rubies/ruby-3.4.1/include/ruby-3.4.0/ruby/internal/core/rdata.h:367:31: note: expanded from macro 'rb_data_object_get'
  367 | #define rb_data_object_get    RUBY_MACRO_SELECT(rb_data_object_get_2, RUBY_UNTYPED_DATA_WARNING)
      |                               ^
/Users/dave/.rubies/ruby-3.4.1/include/ruby-3.4.0/ruby/internal/core/rdata.h:50:35: note: expanded from macro 'RUBY_MACRO_SELECT'
   50 | #define RUBY_MACRO_SELECT(x, y)   RBIMPL_MACRO_SELECT(x, y)
      |                                   ^
/Users/dave/.rubies/ruby-3.4.1/include/ruby-3.4.0/ruby/internal/core/rdata.h:49:35: note: expanded from macro 'RBIMPL_MACRO_SELECT'
   49 | #define RBIMPL_MACRO_SELECT(x, y) x ## y
      |                                   ^
<scratch space>:178:1: note: expanded from here
  178 | rb_data_object_get_1
      | ^
/Users/dave/.rubies/ruby-3.4.1/include/ruby-3.4.0/ruby/internal/core/rdata.h:365:31: note: expanded from macro 'rb_data_object_get_1'
  365 | #define rb_data_object_get_1  rb_data_object_get_warning
      |                               ^
/Users/dave/.rubies/ruby-3.4.1/include/ruby-3.4.0/ruby/internal/core/rdata.h:314:1: note: 'rb_data_object_get_warning' has been explicitly marked deprecated here
  314 | RBIMPL_ATTRSET_UNTYPED_DATA_FUNC()
      | ^
/Users/dave/.rubies/ruby-3.4.1/include/ruby-3.4.0/ruby/internal/core/rdata.h:47:5: note: expanded from macro 'RBIMPL_ATTRSET_UNTYPED_DATA_FUNC'
   47 |     RBIMPL_ATTR_DEPRECATED(("by TypedData"))
      |     ^
/Users/dave/.rubies/ruby-3.4.1/include/ruby-3.4.0/ruby/internal/attr/deprecated.h:36:53: note: expanded from macro 'RBIMPL_ATTR_DEPRECATED'
   36 | # define RBIMPL_ATTR_DEPRECATED(msg) __attribute__((__deprecated__ msg))
      |                                                     ^
commonmarker.c:1051:3: warning: 'rb_data_object_get_warning' is deprecated: by TypedData [-Wdeprecated-declarations]
 1051 |   Data_Get_Struct(self, cmark_node, node);
      |   ^
/Users/dave/.rubies/ruby-3.4.1/include/ruby-3.4.0/ruby/internal/core/rdata.h:275:34: note: expanded from macro 'Data_Get_Struct'
  275 |     ((sval) = RBIMPL_CAST((type*)rb_data_object_get(obj)))
      |                                  ^
/Users/dave/.rubies/ruby-3.4.1/include/ruby-3.4.0/ruby/internal/core/rdata.h:367:31: note: expanded from macro 'rb_data_object_get'
  367 | #define rb_data_object_get    RUBY_MACRO_SELECT(rb_data_object_get_2, RUBY_UNTYPED_DATA_WARNING)
      |                               ^
/Users/dave/.rubies/ruby-3.4.1/include/ruby-3.4.0/ruby/internal/core/rdata.h:50:35: note: expanded from macro 'RUBY_MACRO_SELECT'
   50 | #define RUBY_MACRO_SELECT(x, y)   RBIMPL_MACRO_SELECT(x, y)
      |                                   ^
/Users/dave/.rubies/ruby-3.4.1/include/ruby-3.4.0/ruby/internal/core/rdata.h:49:35: note: expanded from macro 'RBIMPL_MACRO_SELECT'
   49 | #define RBIMPL_MACRO_SELECT(x, y) x ## y
      |                                   ^
<scratch space>:179:1: note: expanded from here
  179 | rb_data_object_get_1
      | ^
/Users/dave/.rubies/ruby-3.4.1/include/ruby-3.4.0/ruby/internal/core/rdata.h:365:31: note: expanded from macro 'rb_data_object_get_1'
  365 | #define rb_data_object_get_1  rb_data_object_get_warning
      |                               ^
/Users/dave/.rubies/ruby-3.4.1/include/ruby-3.4.0/ruby/internal/core/rdata.h:314:1: note: 'rb_data_object_get_warning' has been explicitly marked deprecated here
  314 | RBIMPL_ATTRSET_UNTYPED_DATA_FUNC()
      | ^
/Users/dave/.rubies/ruby-3.4.1/include/ruby-3.4.0/ruby/internal/core/rdata.h:47:5: note: expanded from macro 'RBIMPL_ATTRSET_UNTYPED_DATA_FUNC'
   47 |     RBIMPL_ATTR_DEPRECATED(("by TypedData"))
      |     ^
/Users/dave/.rubies/ruby-3.4.1/include/ruby-3.4.0/ruby/internal/attr/deprecated.h:36:53: note: expanded from macro 'RBIMPL_ATTR_DEPRECATED'
   36 | # define RBIMPL_ATTR_DEPRECATED(msg) __attribute__((__deprecated__ msg))
      |                                                     ^
commonmarker.c:1074:3: warning: 'rb_data_object_get_warning' is deprecated: by TypedData [-Wdeprecated-declarations]
 1074 |   Data_Get_Struct(self, cmark_node, node);
      |   ^
/Users/dave/.rubies/ruby-3.4.1/include/ruby-3.4.0/ruby/internal/core/rdata.h:275:34: note: expanded from macro 'Data_Get_Struct'
  275 |     ((sval) = RBIMPL_CAST((type*)rb_data_object_get(obj)))
      |                                  ^
/Users/dave/.rubies/ruby-3.4.1/include/ruby-3.4.0/ruby/internal/core/rdata.h:367:31: note: expanded from macro 'rb_data_object_get'
  367 | #define rb_data_object_get    RUBY_MACRO_SELECT(rb_data_object_get_2, RUBY_UNTYPED_DATA_WARNING)
      |                               ^
/Users/dave/.rubies/ruby-3.4.1/include/ruby-3.4.0/ruby/internal/core/rdata.h:50:35: note: expanded from macro 'RUBY_MACRO_SELECT'
   50 | #define RUBY_MACRO_SELECT(x, y)   RBIMPL_MACRO_SELECT(x, y)
      |                                   ^
/Users/dave/.rubies/ruby-3.4.1/include/ruby-3.4.0/ruby/internal/core/rdata.h:49:35: note: expanded from macro 'RBIMPL_MACRO_SELECT'
   49 | #define RBIMPL_MACRO_SELECT(x, y) x ## y
      |                                   ^
<scratch space>:180:1: note: expanded from here
  180 | rb_data_object_get_1
      | ^
/Users/dave/.rubies/ruby-3.4.1/include/ruby-3.4.0/ruby/internal/core/rdata.h:365:31: note: expanded from macro 'rb_data_object_get_1'
  365 | #define rb_data_object_get_1  rb_data_object_get_warning
      |                               ^
/Users/dave/.rubies/ruby-3.4.1/include/ruby-3.4.0/ruby/internal/core/rdata.h:314:1: note: 'rb_data_object_get_warning' has been explicitly marked deprecated here
  314 | RBIMPL_ATTRSET_UNTYPED_DATA_FUNC()
      | ^
/Users/dave/.rubies/ruby-3.4.1/include/ruby-3.4.0/ruby/internal/core/rdata.h:47:5: note: expanded from macro 'RBIMPL_ATTRSET_UNTYPED_DATA_FUNC'
   47 |     RBIMPL_ATTR_DEPRECATED(("by TypedData"))
      |     ^
/Users/dave/.rubies/ruby-3.4.1/include/ruby-3.4.0/ruby/internal/attr/deprecated.h:36:53: note: expanded from macro 'RBIMPL_ATTR_DEPRECATED'
   36 | # define RBIMPL_ATTR_DEPRECATED(msg) __attribute__((__deprecated__ msg))
      |                                                     ^
commonmarker.c:1087:3: warning: 'rb_data_object_get_warning' is deprecated: by TypedData [-Wdeprecated-declarations]
 1087 |   Data_Get_Struct(self, cmark_node, node);
      |   ^
/Users/dave/.rubies/ruby-3.4.1/include/ruby-3.4.0/ruby/internal/core/rdata.h:275:34: note: expanded from macro 'Data_Get_Struct'
  275 |     ((sval) = RBIMPL_CAST((type*)rb_data_object_get(obj)))
      |                                  ^
/Users/dave/.rubies/ruby-3.4.1/include/ruby-3.4.0/ruby/internal/core/rdata.h:367:31: note: expanded from macro 'rb_data_object_get'
  367 | #define rb_data_object_get    RUBY_MACRO_SELECT(rb_data_object_get_2, RUBY_UNTYPED_DATA_WARNING)
      |                               ^
/Users/dave/.rubies/ruby-3.4.1/include/ruby-3.4.0/ruby/internal/core/rdata.h:50:35: note: expanded from macro 'RUBY_MACRO_SELECT'
   50 | #define RUBY_MACRO_SELECT(x, y)   RBIMPL_MACRO_SELECT(x, y)
      |                                   ^
/Users/dave/.rubies/ruby-3.4.1/include/ruby-3.4.0/ruby/internal/core/rdata.h:49:35: note: expanded from macro 'RBIMPL_MACRO_SELECT'
   49 | #define RBIMPL_MACRO_SELECT(x, y) x ## y
      |                                   ^
<scratch space>:181:1: note: expanded from here
  181 | rb_data_object_get_1
      | ^
/Users/dave/.rubies/ruby-3.4.1/include/ruby-3.4.0/ruby/internal/core/rdata.h:365:31: note: expanded from macro 'rb_data_object_get_1'
  365 | #define rb_data_object_get_1  rb_data_object_get_warning
      |                               ^
/Users/dave/.rubies/ruby-3.4.1/include/ruby-3.4.0/ruby/internal/core/rdata.h:314:1: note: 'rb_data_object_get_warning' has been explicitly marked deprecated here
  314 | RBIMPL_ATTRSET_UNTYPED_DATA_FUNC()
      | ^
/Users/dave/.rubies/ruby-3.4.1/include/ruby-3.4.0/ruby/internal/core/rdata.h:47:5: note: expanded from macro 'RBIMPL_ATTRSET_UNTYPED_DATA_FUNC'
   47 |     RBIMPL_ATTR_DEPRECATED(("by TypedData"))
      |     ^
/Users/dave/.rubies/ruby-3.4.1/include/ruby-3.4.0/ruby/internal/attr/deprecated.h:36:53: note: expanded from macro 'RBIMPL_ATTR_DEPRECATED'
   36 | # define RBIMPL_ATTR_DEPRECATED(msg) __attribute__((__deprecated__ msg))
      |                                                     ^
commonmarker.c:1109:3: warning: 'rb_data_object_get_warning' is deprecated: by TypedData [-Wdeprecated-declarations]
 1109 |   Data_Get_Struct(self, cmark_node, node);
      |   ^
/Users/dave/.rubies/ruby-3.4.1/include/ruby-3.4.0/ruby/internal/core/rdata.h:275:34: note: expanded from macro 'Data_Get_Struct'
  275 |     ((sval) = RBIMPL_CAST((type*)rb_data_object_get(obj)))
      |                                  ^
/Users/dave/.rubies/ruby-3.4.1/include/ruby-3.4.0/ruby/internal/core/rdata.h:367:31: note: expanded from macro 'rb_data_object_get'
  367 | #define rb_data_object_get    RUBY_MACRO_SELECT(rb_data_object_get_2, RUBY_UNTYPED_DATA_WARNING)
      |                               ^
/Users/dave/.rubies/ruby-3.4.1/include/ruby-3.4.0/ruby/internal/core/rdata.h:50:35: note: expanded from macro 'RUBY_MACRO_SELECT'
   50 | #define RUBY_MACRO_SELECT(x, y)   RBIMPL_MACRO_SELECT(x, y)
      |                                   ^
/Users/dave/.rubies/ruby-3.4.1/include/ruby-3.4.0/ruby/internal/core/rdata.h:49:35: note: expanded from macro 'RBIMPL_MACRO_SELECT'
   49 | #define RBIMPL_MACRO_SELECT(x, y) x ## y
      |                                   ^
<scratch space>:182:1: note: expanded from here
  182 | rb_data_object_get_1
      | ^
/Users/dave/.rubies/ruby-3.4.1/include/ruby-3.4.0/ruby/internal/core/rdata.h:365:31: note: expanded from macro 'rb_data_object_get_1'
  365 | #define rb_data_object_get_1  rb_data_object_get_warning
      |                               ^
/Users/dave/.rubies/ruby-3.4.1/include/ruby-3.4.0/ruby/internal/core/rdata.h:314:1: note: 'rb_data_object_get_warning' has been explicitly marked deprecated here
  314 | RBIMPL_ATTRSET_UNTYPED_DATA_FUNC()
      | ^
/Users/dave/.rubies/ruby-3.4.1/include/ruby-3.4.0/ruby/internal/core/rdata.h:47:5: note: expanded from macro 'RBIMPL_ATTRSET_UNTYPED_DATA_FUNC'
   47 |     RBIMPL_ATTR_DEPRECATED(("by TypedData"))
      |     ^
/Users/dave/.rubies/ruby-3.4.1/include/ruby-3.4.0/ruby/internal/attr/deprecated.h:36:53: note: expanded from macro 'RBIMPL_ATTR_DEPRECATED'
   36 | # define RBIMPL_ATTR_DEPRECATED(msg) __attribute__((__deprecated__ msg))
      |                                                     ^
commonmarker.c:1127:3: warning: 'rb_data_object_get_warning' is deprecated: by TypedData [-Wdeprecated-declarations]
 1127 |   Data_Get_Struct(self, cmark_node, node);
      |   ^
/Users/dave/.rubies/ruby-3.4.1/include/ruby-3.4.0/ruby/internal/core/rdata.h:275:34: note: expanded from macro 'Data_Get_Struct'
  275 |     ((sval) = RBIMPL_CAST((type*)rb_data_object_get(obj)))
      |                                  ^
/Users/dave/.rubies/ruby-3.4.1/include/ruby-3.4.0/ruby/internal/core/rdata.h:367:31: note: expanded from macro 'rb_data_object_get'
  367 | #define rb_data_object_get    RUBY_MACRO_SELECT(rb_data_object_get_2, RUBY_UNTYPED_DATA_WARNING)
      |                               ^
/Users/dave/.rubies/ruby-3.4.1/include/ruby-3.4.0/ruby/internal/core/rdata.h:50:35: note: expanded from macro 'RUBY_MACRO_SELECT'
   50 | #define RUBY_MACRO_SELECT(x, y)   RBIMPL_MACRO_SELECT(x, y)
      |                                   ^
/Users/dave/.rubies/ruby-3.4.1/include/ruby-3.4.0/ruby/internal/core/rdata.h:49:35: note: expanded from macro 'RBIMPL_MACRO_SELECT'
   49 | #define RBIMPL_MACRO_SELECT(x, y) x ## y
      |                                   ^
<scratch space>:183:1: note: expanded from here
  183 | rb_data_object_get_1
      | ^
/Users/dave/.rubies/ruby-3.4.1/include/ruby-3.4.0/ruby/internal/core/rdata.h:365:31: note: expanded from macro 'rb_data_object_get_1'
  365 | #define rb_data_object_get_1  rb_data_object_get_warning
      |                               ^
/Users/dave/.rubies/ruby-3.4.1/include/ruby-3.4.0/ruby/internal/core/rdata.h:314:1: note: 'rb_data_object_get_warning' has been explicitly marked deprecated here
  314 | RBIMPL_ATTRSET_UNTYPED_DATA_FUNC()
      | ^
/Users/dave/.rubies/ruby-3.4.1/include/ruby-3.4.0/ruby/internal/core/rdata.h:47:5: note: expanded from macro 'RBIMPL_ATTRSET_UNTYPED_DATA_FUNC'
   47 |     RBIMPL_ATTR_DEPRECATED(("by TypedData"))
      |     ^
/Users/dave/.rubies/ruby-3.4.1/include/ruby-3.4.0/ruby/internal/attr/deprecated.h:36:53: note: expanded from macro 'RBIMPL_ATTR_DEPRECATED'
   36 | # define RBIMPL_ATTR_DEPRECATED(msg) __attribute__((__deprecated__ msg))
      |                                                     ^
commonmarker.c:1143:3: warning: 'rb_data_object_get_warning' is deprecated: by TypedData [-Wdeprecated-declarations]
 1143 |   Data_Get_Struct(self, cmark_node, node);
      |   ^
/Users/dave/.rubies/ruby-3.4.1/include/ruby-3.4.0/ruby/internal/core/rdata.h:275:34: note: expanded from macro 'Data_Get_Struct'
  275 |     ((sval) = RBIMPL_CAST((type*)rb_data_object_get(obj)))
      |                                  ^
/Users/dave/.rubies/ruby-3.4.1/include/ruby-3.4.0/ruby/internal/core/rdata.h:367:31: note: expanded from macro 'rb_data_object_get'
  367 | #define rb_data_object_get    RUBY_MACRO_SELECT(rb_data_object_get_2, RUBY_UNTYPED_DATA_WARNING)
      |                               ^
/Users/dave/.rubies/ruby-3.4.1/include/ruby-3.4.0/ruby/internal/core/rdata.h:50:35: note: expanded from macro 'RUBY_MACRO_SELECT'
   50 | #define RUBY_MACRO_SELECT(x, y)   RBIMPL_MACRO_SELECT(x, y)
      |                                   ^
/Users/dave/.rubies/ruby-3.4.1/include/ruby-3.4.0/ruby/internal/core/rdata.h:49:35: note: expanded from macro 'RBIMPL_MACRO_SELECT'
   49 | #define RBIMPL_MACRO_SELECT(x, y) x ## y
      |                                   ^
<scratch space>:184:1: note: expanded from here
  184 | rb_data_object_get_1
      | ^
/Users/dave/.rubies/ruby-3.4.1/include/ruby-3.4.0/ruby/internal/core/rdata.h:365:31: note: expanded from macro 'rb_data_object_get_1'
  365 | #define rb_data_object_get_1  rb_data_object_get_warning
      |                               ^
/Users/dave/.rubies/ruby-3.4.1/include/ruby-3.4.0/ruby/internal/core/rdata.h:314:1: note: 'rb_data_object_get_warning' has been explicitly marked deprecated here
  314 | RBIMPL_ATTRSET_UNTYPED_DATA_FUNC()
      | ^
/Users/dave/.rubies/ruby-3.4.1/include/ruby-3.4.0/ruby/internal/core/rdata.h:47:5: note: expanded from macro 'RBIMPL_ATTRSET_UNTYPED_DATA_FUNC'
   47 |     RBIMPL_ATTR_DEPRECATED(("by TypedData"))
      |     ^
/Users/dave/.rubies/ruby-3.4.1/include/ruby-3.4.0/ruby/internal/attr/deprecated.h:36:53: note: expanded from macro 'RBIMPL_ATTR_DEPRECATED'
   36 | # define RBIMPL_ATTR_DEPRECATED(msg) __attribute__((__deprecated__ msg))
      |                                                     ^
commonmarker.c:1172:3: warning: 'rb_data_object_get_warning' is deprecated: by TypedData [-Wdeprecated-declarations]
 1172 |   Data_Get_Struct(self, cmark_node, node);
      |   ^
/Users/dave/.rubies/ruby-3.4.1/include/ruby-3.4.0/ruby/internal/core/rdata.h:275:34: note: expanded from macro 'Data_Get_Struct'
  275 |     ((sval) = RBIMPL_CAST((type*)rb_data_object_get(obj)))
      |                                  ^
/Users/dave/.rubies/ruby-3.4.1/include/ruby-3.4.0/ruby/internal/core/rdata.h:367:31: note: expanded from macro 'rb_data_object_get'
  367 | #define rb_data_object_get    RUBY_MACRO_SELECT(rb_data_object_get_2, RUBY_UNTYPED_DATA_WARNING)
      |                               ^
/Users/dave/.rubies/ruby-3.4.1/include/ruby-3.4.0/ruby/internal/core/rdata.h:50:35: note: expanded from macro 'RUBY_MACRO_SELECT'
   50 | #define RUBY_MACRO_SELECT(x, y)   RBIMPL_MACRO_SELECT(x, y)
      |                                   ^
/Users/dave/.rubies/ruby-3.4.1/include/ruby-3.4.0/ruby/internal/core/rdata.h:49:35: note: expanded from macro 'RBIMPL_MACRO_SELECT'
   49 | #define RBIMPL_MACRO_SELECT(x, y) x ## y
      |                                   ^
<scratch space>:185:1: note: expanded from here
  185 | rb_data_object_get_1
      | ^
/Users/dave/.rubies/ruby-3.4.1/include/ruby-3.4.0/ruby/internal/core/rdata.h:365:31: note: expanded from macro 'rb_data_object_get_1'
  365 | #define rb_data_object_get_1  rb_data_object_get_warning
      |                               ^
/Users/dave/.rubies/ruby-3.4.1/include/ruby-3.4.0/ruby/internal/core/rdata.h:314:1: note: 'rb_data_object_get_warning' has been explicitly marked deprecated here
  314 | RBIMPL_ATTRSET_UNTYPED_DATA_FUNC()
      | ^
/Users/dave/.rubies/ruby-3.4.1/include/ruby-3.4.0/ruby/internal/core/rdata.h:47:5: note: expanded from macro 'RBIMPL_ATTRSET_UNTYPED_DATA_FUNC'
   47 |     RBIMPL_ATTR_DEPRECATED(("by TypedData"))
      |     ^
/Users/dave/.rubies/ruby-3.4.1/include/ruby-3.4.0/ruby/internal/attr/deprecated.h:36:53: note: expanded from macro 'RBIMPL_ATTR_DEPRECATED'
   36 | # define RBIMPL_ATTR_DEPRECATED(msg) __attribute__((__deprecated__ msg))
      |                                                     ^
commonmarker.c:1178:27: warning: implicit conversion loses integer precision: 'long' to 'bufsize_t' (aka 'int') [-Wshorten-64-to-32]
 1177 |   if (houdini_escape_href(&buf, (const uint8_t *)RSTRING_PTR(rb_text),
      |       ~~~~~~~~~~~~~~~~~~~
 1178 |                           RSTRING_LEN(rb_text))) {
      |                           ^~~~~~~~~~~~~~~~~~~~
/Users/dave/.rubies/ruby-3.4.1/include/ruby-3.4.0/ruby/internal/core/rstring.h:46:27: note: expanded from macro 'RSTRING_LEN'
   46 | #define RSTRING_LEN       RSTRING_LEN
      |                           ^
commonmarker.c:1193:3: warning: 'rb_data_object_get_warning' is deprecated: by TypedData [-Wdeprecated-declarations]
 1193 |   Data_Get_Struct(self, cmark_node, node);
      |   ^
/Users/dave/.rubies/ruby-3.4.1/include/ruby-3.4.0/ruby/internal/core/rdata.h:275:34: note: expanded from macro 'Data_Get_Struct'
  275 |     ((sval) = RBIMPL_CAST((type*)rb_data_object_get(obj)))
      |                                  ^
/Users/dave/.rubies/ruby-3.4.1/include/ruby-3.4.0/ruby/internal/core/rdata.h:367:31: note: expanded from macro 'rb_data_object_get'
  367 | #define rb_data_object_get    RUBY_MACRO_SELECT(rb_data_object_get_2, RUBY_UNTYPED_DATA_WARNING)
      |                               ^
/Users/dave/.rubies/ruby-3.4.1/include/ruby-3.4.0/ruby/internal/core/rdata.h:50:35: note: expanded from macro 'RUBY_MACRO_SELECT'
   50 | #define RUBY_MACRO_SELECT(x, y)   RBIMPL_MACRO_SELECT(x, y)
      |                                   ^
/Users/dave/.rubies/ruby-3.4.1/include/ruby-3.4.0/ruby/internal/core/rdata.h:49:35: note: expanded from macro 'RBIMPL_MACRO_SELECT'
   49 | #define RBIMPL_MACRO_SELECT(x, y) x ## y
      |                                   ^
<scratch space>:186:1: note: expanded from here
  186 | rb_data_object_get_1
      | ^
/Users/dave/.rubies/ruby-3.4.1/include/ruby-3.4.0/ruby/internal/core/rdata.h:365:31: note: expanded from macro 'rb_data_object_get_1'
  365 | #define rb_data_object_get_1  rb_data_object_get_warning
      |                               ^
/Users/dave/.rubies/ruby-3.4.1/include/ruby-3.4.0/ruby/internal/core/rdata.h:314:1: note: 'rb_data_object_get_warning' has been explicitly marked deprecated here
  314 | RBIMPL_ATTRSET_UNTYPED_DATA_FUNC()
      | ^
/Users/dave/.rubies/ruby-3.4.1/include/ruby-3.4.0/ruby/internal/core/rdata.h:47:5: note: expanded from macro 'RBIMPL_ATTRSET_UNTYPED_DATA_FUNC'
   47 |     RBIMPL_ATTR_DEPRECATED(("by TypedData"))
      |     ^
/Users/dave/.rubies/ruby-3.4.1/include/ruby-3.4.0/ruby/internal/attr/deprecated.h:36:53: note: expanded from macro 'RBIMPL_ATTR_DEPRECATED'
   36 | # define RBIMPL_ATTR_DEPRECATED(msg) __attribute__((__deprecated__ msg))
      |                                                     ^
commonmarker.c:1199:28: warning: implicit conversion loses integer precision: 'long' to 'bufsize_t' (aka 'int') [-Wshorten-64-to-32]
 1198 |   if (houdini_escape_html0(&buf, (const uint8_t *)RSTRING_PTR(rb_text),
      |       ~~~~~~~~~~~~~~~~~~~~
 1199 |                            RSTRING_LEN(rb_text), 0)) {
      |                            ^~~~~~~~~~~~~~~~~~~~
/Users/dave/.rubies/ruby-3.4.1/include/ruby-3.4.0/ruby/internal/core/rstring.h:46:27: note: expanded from macro 'RSTRING_LEN'
   46 | #define RSTRING_LEN       RSTRING_LEN
      |                           ^
50 warnings generated.
compiling core-extensions.c
compiling ext_scanners.c
compiling footnotes.c
compiling houdini_href_e.c
compiling houdini_html_e.c
compiling houdini_html_u.c
compiling html.c
compiling inlines.c
compiling iterator.c
compiling latex.c
compiling linked_list.c
compiling man.c
compiling map.c
compiling node.c
compiling plaintext.c
compiling plugin.c
compiling references.c
compiling registry.c
compiling render.c
compiling scanners.c
compiling strikethrough.c
compiling syntax_extension.c
compiling table.c
compiling tagfilter.c
compiling tasklist.c
compiling utf8.c
compiling xml.c
linking shared-object commonmarker/commonmarker.bundle

current directory: /Users/dave/wildaye.co.uk/vendor/bundle/ruby/3.4.0/gems/commonmarker-0.23.12/ext/commonmarker
make DESTDIR\= sitearchdir\=./.gem.20260624-73800-pj2bug sitelibdir\=./.gem.20260624-73800-pj2bug install
/opt/homebrew/bin/ginstall -c -m 0755 commonmarker.bundle ./.gem.20260624-73800-pj2bug/commonmarker

current directory: /Users/dave/wildaye.co.uk/vendor/bundle/ruby/3.4.0/gems/commonmarker-0.23.12/ext/commonmarker
make DESTDIR\= sitearchdir\=./.gem.20260624-73800-pj2bug sitelibdir\=./.gem.20260624-73800-pj2bug clean
